[AGTGC (5), TGCA (4)]
# K =  2  mindist = 0.000
[AGTGC (5), CCTGGGCAAG (10)]
# K =  2  mindist = 0.396
# min,max dist:  0.3960  0.3960
[AGTGC (5), TGaGAC (6)]
# K =  2  mindist = 0.419
# min,max dist:  0.4195  0.4195
[AGTGC (5), TGTrGrwCCG (10)]
# K =  2  mindist = 0.407
# min,max dist:  0.4065  0.4065
[AGTGC (5), CAAAGTGC (8)]
# K =  2  mindist = 0.000
[AACatTGT (8), TGCA (4)]
# K =  2  mindist = 0.495
# min,max dist:  0.4950  0.4950
[AACatTGT (8), CCTGGGCAAG (10)]
# K =  2  mindist = 0.657
# min,max dist:  0.6565  0.6565
[AACatTGT (8), TGaGAC (6)]
# K =  2  mindist = 0.647
# min,max dist:  0.6470  0.6470
[AACatTGT (8), TGTrGrwCCG (10)]
# K =  2  mindist = 0.573
# min,max dist:  0.5734  0.5734
[AACatTGT (8), CAAAGTGC (8)]
# K =  2  mindist = 0.367
# min,max dist:  0.3669  0.3669
[CTGG (4), TGCA (4)]
# K =  2  mindist = 0.330
# min,max dist:  0.3300  0.3300
[CTGG (4), CCTGGGCAAG (10)]
# K =  2  mindist = 0.000
[CTGG (4), TGaGAC (6)]
# K =  2  mindist = 0.229
# min,max dist:  0.2293  0.2293
[CTGG (4), TGTrGrwCCG (10)]
# K =  2  mindist = 0.330
# min,max dist:  0.3300  0.3300
[CTGG (4), CAAAGTGC (8)]
# K =  2  mindist = 0.330
# min,max dist:  0.3301  0.3301
[kGTA (4), TGCA (4)]
# K =  2  mindist = 0.371
# min,max dist:  0.3712  0.3712
[kGTA (4), CCTGGGCAAG (10)]
# K =  2  mindist = 0.371
# min,max dist:  0.3713  0.3713
[kGTA (4), TGaGAC (6)]
# K =  2  mindist = 0.330
# min,max dist:  0.3301  0.3301
[kGTA (4), TGTrGrwCCG (10)]
# K =  2  mindist = 0.211
# min,max dist:  0.2108  0.2108
[kGTA (4), CAAAGTGC (8)]
# K =  2  mindist = 0.330
# min,max dist:  0.3301  0.3301
[wCAk (4), TGCA (4)]
# K =  2  mindist = 0.286
# min,max dist:  0.2858  0.2858
[wCAk (4), CCTGGGCAAG (10)]
# K =  2  mindist = 0.338
# min,max dist:  0.3382  0.3382
[wCAk (4), TGaGAC (6)]
# K =  2  mindist = 0.085
[wCAk (4), TGTrGrwCCG (10)]
# K =  2  mindist = 0.165
[wCAk (4), CAAAGTGC (8)]
# K =  2  mindist = 0.286
# min,max dist:  0.2858  0.2858
