[AGTGC (5), wTAATTr (1)]
# K =  2  mindist = 0.364,
# min,max dist:  0.3635  0.3635
[AGTGC (5), aGACGtw (0)]
# K =  2  mindist = 0.509,
# min,max dist:  0.5092  0.5092
[AGTGC (5), tGTGTkk (1)]
# K =  2  mindist = 0.437,
# min,max dist:  0.4368  0.4368
[AGTGC (5), AcACA.a (1)]
# K =  2  mindist = 0.470,
# min,max dist:  0.4700  0.4700
[AGTGC (5), cwtTTTt (1)]
# K =  2  mindist = 0.418,
# min,max dist:  0.4183  0.4183
[AGTGC (5), TAGgtar (1)]
# K =  2  mindist = 0.508,
# min,max dist:  0.5082  0.5082
[AGTGC (5), gGACArg (1)]
# K =  2  mindist = 0.454,
# min,max dist:  0.4544  0.4544
[AGTGC (5), wGCATGm (1)]
# K =  2  mindist = 0.399,
# min,max dist:  0.3988  0.3988
[AGTGC (5), AGAGAam (0)]
# K =  2  mindist = 0.442,
# min,max dist:  0.4419  0.4419
[AGTGC (5), gGACrrg (1)]
# K =  2  mindist = 0.449,
# min,max dist:  0.4489  0.4489
[AGTGC (5), aGGATrr (0)]
# K =  2  mindist = 0.547,
# min,max dist:  0.5474  0.5474
[AGTGC (5), .TAGGGa (1)]
# K =  2  mindist = 0.380,
# min,max dist:  0.3795  0.3795
[AGTGC (5), .TAGGgw (1)]
# K =  2  mindist = 0.393,
# min,max dist:  0.3929  0.3929
[AGTGC (5), .TAGGGa (1)]
# K =  2  mindist = 0.370,
# min,max dist:  0.3699  0.3699
[AGTGC (5), aTTTTTk (1)]
# K =  2  mindist = 0.652,
# min,max dist:  0.6521  0.6521
[AGTGC (5), CcAwmcc (0)]
# K =  2  mindist = 0.543,
# min,max dist:  0.5434  0.5434
[AGTGC (5), acAcAma (1)]
# K =  2  mindist = 0.462,
# min,max dist:  0.4620  0.4620
[AGTGC (5), TTwtTTt (1)]
# K =  2  mindist = 0.584,
# min,max dist:  0.5835  0.5835
[AGTGC (5), amAwwCA (1)]
# K =  2  mindist = 0.509,
# min,max dist:  0.5090  0.5090
[AGTGC (5), gATAAAc. (1)]
# K =  2  mindist = 0.588,
# min,max dist:  0.5879  0.5879
[AGTGC (5), .GGAGaa (1)]
# K =  2  mindist = 0.410,
# min,max dist:  0.4101  0.4101
[AGTGC (5), mATCTTg (1)]
# K =  2  mindist = 0.528,
# min,max dist:  0.5278  0.5278
[AGTGC (5), .GCTTGc (1)]
# K =  2  mindist = 0.432,
# min,max dist:  0.4320  0.4320
[AGTGC (5), TAGtwrg (1)]
# K =  2  mindist = 0.400,
# min,max dist:  0.4000  0.4000
[AGTGC (5), aaAAAaa (0)]
# K =  2  mindist = 0.632,
# min,max dist:  0.6324  0.6324
[AGTGC (5), ccyycCc (0)]
# K =  2  mindist = 0.526,
# min,max dist:  0.5264  0.5264
[AGTGC (5), ssgCGCs (1)]
# K =  2  mindist = 0.374,
# min,max dist:  0.3742  0.3742
[AGTGC (5), TGTAcAk (1)]
# K =  2  mindist = 0.469,
# min,max dist:  0.4694  0.4694
[AGTGC (5), ACTAAC. (1)]
# K =  2  mindist = 0.570,
# min,max dist:  0.5701  0.5701
[AGTGC (5), gwGTAG. (1)]
# K =  2  mindist = 0.434,
# min,max dist:  0.4338  0.4338
[AGTGC (5), gatACga (1)]
# K =  2  mindist = 0.500,
# min,max dist:  0.5003  0.5003
[AGTGC (5), kKGTGtg (1)]
# K =  2  mindist = 0.362,
# min,max dist:  0.3620  0.3620
[AGTGC (5), GCGCGgg (1)]
# K =  2  mindist = 0.306,
# min,max dist:  0.3064  0.3064
[AGTGC (5), wTACwTt (1)]
# K =  2  mindist = 0.452,
# min,max dist:  0.4524  0.4524
[AGTGC (5), aATsAa. (1)]
# K =  2  mindist = 0.540,
# min,max dist:  0.5400  0.5400
[AGTGC (5), gAaGGaa (1)]
# K =  2  mindist = 0.519,
# min,max dist:  0.5192  0.5192
[AGTGC (5), gyGCGCg (1)]
# K =  2  mindist = 0.318,
# min,max dist:  0.3180  0.3180
[AGTGC (5), aTATAtm (1)]
# K =  2  mindist = 0.647,
# min,max dist:  0.6465  0.6465
[AGTGC (5), aCAACrr (1)]
# K =  2  mindist = 0.564,
# min,max dist:  0.5639  0.5639
[AGTGC (5), TAAAAg. (1)]
# K =  2  mindist = 0.567,
# min,max dist:  0.5670  0.5670
[AGTGC (5), GCkGG.c (1)]
# K =  2  mindist = 0.456,
# min,max dist:  0.4563  0.4563
[AGTGC (5), arAAAaa (1)]
# K =  2  mindist = 0.654,
# min,max dist:  0.6542  0.6542
[AGTGC (5), gGrwGga (1)]
# K =  2  mindist = 0.542,
# min,max dist:  0.5418  0.5418
[AGTGC (5), rwTCAAg (1)]
# K =  2  mindist = 0.515,
# min,max dist:  0.5149  0.5149
[AGTGC (5), wTGCACr (1)]
# K =  2  mindist = 0.180,
[AGTGC (5), aGGAGwr. (1)]
# K =  2  mindist = 0.408,
# min,max dist:  0.4078  0.4078
[AGTGC (5), gaCGACg. (1)]
# K =  2  mindist = 0.480,
# min,max dist:  0.4796  0.4796
[AGTGC (5), AgGa.ma (1)]
# K =  2  mindist = 0.495,
# min,max dist:  0.4951  0.4951
[AGTGC (5), cgATAct (1)]
# K =  2  mindist = 0.473,
# min,max dist:  0.4730  0.4730
[AGTGC (5), .GaATGa. (1)]
# K =  2  mindist = 0.403,
# min,max dist:  0.4027  0.4027
[AGTGC (5), tTTTTtk (1)]
# K =  2  mindist = 0.662,
# min,max dist:  0.6622  0.6622
[AGTGC (5), tTTTTyc (1)]
# K =  2  mindist = 0.633,
# min,max dist:  0.6332  0.6332
[AGTGC (5), tTTTTyy (1)]
# K =  2  mindist = 0.684,
# min,max dist:  0.6837  0.6837
[AGTGC (5), TgTTGTg (1)]
# K =  2  mindist = 0.350,
# min,max dist:  0.3497  0.3497
[AGTGC (5), AACAtC. (1)]
# K =  2  mindist = 0.533,
# min,max dist:  0.5329  0.5329
[AGTGC (5), AACAwC. (1)]
# K =  2  mindist = 0.530,
# min,max dist:  0.5298  0.5298
[AGTGC (5), scAGCGc (1)]
# K =  2  mindist = 0.315,
# min,max dist:  0.3155  0.3155
[AGTGC (5), gamTTAA. (1)]
# K =  2  mindist = 0.426,
# min,max dist:  0.4264  0.4264
[AGTGC (5), ArAGrrr (0)]
# K =  2  mindist = 0.437,
# min,max dist:  0.4367  0.4367
[AGTGC (5), AGAGArr (1)]
# K =  2  mindist = 0.455,
# min,max dist:  0.4554  0.4554
[AGTGC (5), AGAGAma (1)]
# K =  2  mindist = 0.426,
# min,max dist:  0.4264  0.4264
[AGTGC (5), ACACra. (1)]
# K =  2  mindist = 0.400,
# min,max dist:  0.4000  0.4000
[AGTGC (5), TGTAcAk (1)]
# K =  2  mindist = 0.468,
# min,max dist:  0.4683  0.4683
[AGTGC (5), TGTAyAk (1)]
# K =  2  mindist = 0.472,
# min,max dist:  0.4716  0.4716
[AGTGC (5), TGTAmak (1)]
# K =  2  mindist = 0.465,
# min,max dist:  0.4653  0.4653
[AGTGC (5), TGTAmak (1)]
# K =  2  mindist = 0.464,
# min,max dist:  0.4642  0.4642
[AGTGC (5), TGTAatt (1)]
# K =  2  mindist = 0.439,
# min,max dist:  0.4389  0.4389
[AGTGC (5), GrAgGA. (1)]
# K =  2  mindist = 0.477,
# min,max dist:  0.4774  0.4774
[AGTGC (5), GGAgGA. (1)]
# K =  2  mindist = 0.490,
# min,max dist:  0.4900  0.4900
[AGTGC (5), GGAgGr. (1)]
# K =  2  mindist = 0.506,
# min,max dist:  0.5064  0.5064
[AGTGC (5), GGAgGr. (1)]
# K =  2  mindist = 0.492,
# min,max dist:  0.4923  0.4923
[AGTGC (5), .AGGAca. (1)]
# K =  2  mindist = 0.425,
# min,max dist:  0.4249  0.4249
[AGTGC (5), TTtgTTT (1)]
# K =  2  mindist = 0.593,
# min,max dist:  0.5926  0.5926
[AGTGC (5), gCGCGsg (1)]
# K =  2  mindist = 0.308,
# min,max dist:  0.3082  0.3082
[AGTGC (5), AACATCa (0)]
# K =  2  mindist = 0.538,
# min,max dist:  0.5382  0.5382
[AGTGC (5), TTtgkTt (1)]
# K =  2  mindist = 0.577,
# min,max dist:  0.5772  0.5772
[AGTGC (5), aCTAAC. (1)]
# K =  2  mindist = 0.544,
# min,max dist:  0.5441  0.5441
[AGTGC (5), gTGKTGT (1)]
# K =  2  mindist = 0.351,
# min,max dist:  0.3506  0.3506
[AGTGC (5), .tGCATG. (1)]
# K =  2  mindist = 0.203,
# min,max dist:  0.2030  0.2030
[AGTGC (5), kTTTgkg (1)]
# K =  2  mindist = 0.531,
# min,max dist:  0.5307  0.5307
[AGTGC (5), aTCAwCg (1)]
# K =  2  mindist = 0.478,
# min,max dist:  0.4780  0.4780
[AGTGC (5), agaGtaw. (1)]
# K =  2  mindist = 0.444,
# min,max dist:  0.4438  0.4438
[AGTGC (5), TTt.GTT (0)]
# K =  2  mindist = 0.465,
# min,max dist:  0.4654  0.4654
[AGTGC (5), GGAgGr. (1)]
# K =  2  mindist = 0.441,
# min,max dist:  0.4406  0.4406
[AGTGC (5), tTkrTTT (1)]
# K =  2  mindist = 0.520,
# min,max dist:  0.5198  0.5198
[AGTGC (5), gaTCAaga (1)]
# K =  2  mindist = 0.526,
# min,max dist:  0.5261  0.5261
[AGTGC (5), .TWGCAC. (1)]
# K =  2  mindist = 0.155,
[AGTGC (5), .ACTAAg (0)]
# K =  2  mindist = 0.201,
# min,max dist:  0.2013  0.2013
[AGTGC (5), magACAg (1)]
# K =  2  mindist = 0.508,
# min,max dist:  0.5076  0.5076
[AGTGC (5), tGGGga. (1)]
# K =  2  mindist = 0.468,
# min,max dist:  0.4679  0.4679
[AGTGC (5), aACTAmg (1)]
# K =  2  mindist = 0.226,
# min,max dist:  0.2260  0.2260
[AGTGC (5), tATAtAs (0)]
# K =  2  mindist = 0.571,
# min,max dist:  0.5708  0.5708
[AGTGC (5), rAAAACm (1)]
# K =  2  mindist = 0.585,
# min,max dist:  0.5855  0.5855
[AGTGC (5), sAaGGag (1)]
# K =  2  mindist = 0.522,
# min,max dist:  0.5216  0.5216
[AGTGC (5), arAAAaa (1)]
# K =  2  mindist = 0.654,
# min,max dist:  0.6541  0.6541
[AGTGC (5), gACAGA. (1)]
# K =  2  mindist = 0.456,
# min,max dist:  0.4555  0.4555
[AGTGC (5), ArAAgA. (1)]
# K =  2  mindist = 0.470,
# min,max dist:  0.4697  0.4697
[AGTGC (5), .TTTTTT (1)]
# K =  2  mindist = 0.571,
# min,max dist:  0.5713  0.5713
[AGTGC (5), TTTTTTg (1)]
# K =  2  mindist = 0.622,
# min,max dist:  0.6222  0.6222
[AGTGC (5), gGGaGGg (0)]
# K =  2  mindist = 0.397,
# min,max dist:  0.3968  0.3968
[AGTGC (5), aAyGACra (1)]
# K =  2  mindist = 0.518,
# min,max dist:  0.5179  0.5179
[AGTGC (5), cggAGGr (1)]
# K =  2  mindist = 0.429,
# min,max dist:  0.4290  0.4290
[AGTGC (5), gGrGGAg (1)]
# K =  2  mindist = 0.448,
# min,max dist:  0.4484  0.4484
[AGTGC (5), tGTTskt (1)]
# K =  2  mindist = 0.437,
# min,max dist:  0.4375  0.4375
[AGTGC (5), tTTTTT. (1)]
# K =  2  mindist = 0.637,
# min,max dist:  0.6374  0.6374
[AGTGC (5), tGTGTGt (1)]
# K =  2  mindist = 0.423,
# min,max dist:  0.4225  0.4225
[AGTGC (5), aTTTTTk (1)]
# K =  2  mindist = 0.658,
# min,max dist:  0.6580  0.6580
[AGTGC (5), wGCATGm (1)]
# K =  2  mindist = 0.399,
# min,max dist:  0.3988  0.3988
[AGTGC (5), aTAAAA. (1)]
# K =  2  mindist = 0.590,
# min,max dist:  0.5901  0.5901
[AGTGC (5), .ATCCAr (1)]
# K =  2  mindist = 0.452,
# min,max dist:  0.4524  0.4524
[AGTGC (5), agAAA.t (1)]
# K =  2  mindist = 0.570,
# min,max dist:  0.5702  0.5702
[AGTGC (5), amawwCA (1)]
# K =  2  mindist = 0.542,
# min,max dist:  0.5419  0.5419
[AGTGC (5), tATATa. (1)]
# K =  2  mindist = 0.574,
# min,max dist:  0.5736  0.5736
[AGTGC (5), TAGtwrg (0)]
# K =  2  mindist = 0.393,
# min,max dist:  0.3931  0.3931
[AGTGC (5), gtrgtkk (1)]
# K =  2  mindist = 0.416,
# min,max dist:  0.4164  0.4164
[AGTGC (5), aCAcACA (0)]
# K =  2  mindist = 0.406,
# min,max dist:  0.4058  0.4058
[AGTGC (5), wGTGTGa (1)]
# K =  2  mindist = 0.344,
# min,max dist:  0.3442  0.3442
[AGTGC (5), wGwGTGa (1)]
# K =  2  mindist = 0.309,
# min,max dist:  0.3086  0.3086
[AGTGC (5), rATAAAm (1)]
# K =  2  mindist = 0.638,
# min,max dist:  0.6382  0.6382
[AGTGC (5), CCwwwCC (0)]
# K =  2  mindist = 0.545,
# min,max dist:  0.5449  0.5449
[AGTGC (5), TGTGkkg (1)]
# K =  2  mindist = 0.374,
# min,max dist:  0.3744  0.3744
[AGTGC (5), .tTTyCCt (1)]
# K =  2  mindist = 0.513,
# min,max dist:  0.5135  0.5135
[AGTGC (5), .CAAAAG (1)]
# K =  2  mindist = 0.510,
# min,max dist:  0.5100  0.5100
[AGTGC (5), wwwtTTt (1)]
# K =  2  mindist = 0.632,
# min,max dist:  0.6323  0.6323
[AGTGC (5), .wTGGAgt (1)]
# K =  2  mindist = 0.436,
# min,max dist:  0.4358  0.4358
[AGTGC (5), cctTtcc. (1)]
# K =  2  mindist = 0.486,
# min,max dist:  0.4864  0.4864
[AGTGC (5), gAcGAc. (1)]
# K =  2  mindist = 0.521,
# min,max dist:  0.5213  0.5213
[AGTGC (5), waGaTAG (1)]
# K =  2  mindist = 0.560,
# min,max dist:  0.5598  0.5598
[AGTGC (5), .twTcCc (1)]
# K =  2  mindist = 0.532,
# min,max dist:  0.5323  0.5323
[AGTGC (5), ctTTTyt (1)]
# K =  2  mindist = 0.557,
# min,max dist:  0.5572  0.5572
[AGTGC (5), .yTTTct (1)]
# K =  2  mindist = 0.610,
# min,max dist:  0.6102  0.6102
[AGTGC (5), TkTgTGT (1)]
# K =  2  mindist = 0.455,
# min,max dist:  0.4555  0.4555
[AGTGC (5), .GCATG. (1)]
# K =  2  mindist = 0.406,
# min,max dist:  0.4057  0.4057
[AGTGC (5), tTTtTtt (1)]
# K =  2  mindist = 0.663,
# min,max dist:  0.6631  0.6631
[AGTGC (5), aGAyAsA. (1)]
# K =  2  mindist = 0.515,
# min,max dist:  0.5145  0.5145
[AGTGC (5), GATGAw. (1)]
# K =  2  mindist = 0.582,
# min,max dist:  0.5822  0.5822
[AGTGC (5), gATGAw. (1)]
# K =  2  mindist = 0.568,
# min,max dist:  0.5684  0.5684
[AGTGC (5), maAAwwg (1)]
# K =  2  mindist = 0.515,
# min,max dist:  0.5146  0.5146
[AGTGC (5), .aACTAc. (1)]
# K =  2  mindist = 0.300,
# min,max dist:  0.2999  0.2999
[AGTGC (5), gwGTGTg (1)]
# K =  2  mindist = 0.355,
# min,max dist:  0.3553  0.3553
[AGTGC (5), gwGTGTg. (1)]
# K =  2  mindist = 0.290,
# min,max dist:  0.2899  0.2899
[AGTGC (5), cmAAAtt (1)]
# K =  2  mindist = 0.533,
# min,max dist:  0.5332  0.5332
[AGTGC (5), mAAAAag (1)]
# K =  2  mindist = 0.541,
# min,max dist:  0.5409  0.5409
[AGTGC (5), .TAATTs (1)]
# K =  2  mindist = 0.358,
# min,max dist:  0.3582  0.3582
[AGTGC (5), CcGAAAkCCCGAAGTAgG (1)]
# K =  2  mindist = 0.363,
# min,max dist:  0.3630  0.3630
[AGTGC (5), CwCAA (1)]
# K =  2  mindist = 0.414,
# min,max dist:  0.4137  0.4137
[AGTGC (5), CTCAA (1)]
# K =  2  mindist = 0.440,
# min,max dist:  0.4399  0.4399
[AGTGC (5), CTCAA (0)]
# K =  2  mindist = 0.441,
# min,max dist:  0.4408  0.4408
[AGTGC (5), AACAtC (1)]
# K =  2  mindist = 0.533,
# min,max dist:  0.5331  0.5331
[AGTGC (5), AACAtC (1)]
# K =  2  mindist = 0.538,
# min,max dist:  0.5379  0.5379
[AGTGC (5), AACAtC (1)]
# K =  2  mindist = 0.538,
# min,max dist:  0.5379  0.5379
[AGTGC (5), cAGtg. (1)]
# K =  2  mindist = 0.297,
# min,max dist:  0.2969  0.2969
[AGTGC (5), caGtg. (1)]
# K =  2  mindist = 0.300,
# min,max dist:  0.2998  0.2998
[AGTGC (5), gcCa.AMCAyCGC (1)]
# K =  2  mindist = 0.399,
# min,max dist:  0.3986  0.3986
[AGTGC (5), GTGTGA (1)]
# K =  2  mindist = 0.371,
# min,max dist:  0.3713  0.3713
[AGTGC (5), tACTAAC (1)]
# K =  2  mindist = 0.219,
# min,max dist:  0.2194  0.2194
[AGTGC (5), tACTAAC (1)]
# K =  2  mindist = 0.223,
# min,max dist:  0.2229  0.2229
[AGTGC (5), tACTAAC (1)]
# K =  2  mindist = 0.227,
# min,max dist:  0.2266  0.2266
[AGTGC (5), tACTAAC (1)]
# K =  2  mindist = 0.230,
# min,max dist:  0.2302  0.2302
[AGTGC (5), tACTAAC (1)]
# K =  2  mindist = 0.234,
# min,max dist:  0.2337  0.2337
[AGTGC (5), tACTAAC (1)]
# K =  2  mindist = 0.237,
# min,max dist:  0.2373  0.2373
[AGTGC (5), tACTAAC (1)]
# K =  2  mindist = 0.241,
# min,max dist:  0.2408  0.2408
[AGTGC (5), AAwAArkAAAG (1)]
# K =  2  mindist = 0.495,
# min,max dist:  0.4950  0.4950
[AGTGC (5), AAwAArkAAAG (1)]
# K =  2  mindist = 0.495,
# min,max dist:  0.4955  0.4955
[AGTGC (5), TAGGgw (1)]
# K =  2  mindist = 0.403,
# min,max dist:  0.4032  0.4032
[AGTGC (5), rGAaGrAC (1)]
# K =  2  mindist = 0.333,
# min,max dist:  0.3327  0.3327
[AGTGC (5), ACGCGCr (1)]
# K =  2  mindist = 0.372,
# min,max dist:  0.3724  0.3724
[AGTGC (5), GTTCSAGkw (1)]
# K =  2  mindist = 0.277,
# min,max dist:  0.2773  0.2773
[AGTGC (5), AAAAA (1)]
# K =  2  mindist = 0.743,
# min,max dist:  0.7426  0.7426
[AGTGC (5), AAAAA (1)]
# K =  2  mindist = 0.740,
# min,max dist:  0.7403  0.7403
[AGTGC (5), AAAAA (1)]
# K =  2  mindist = 0.738,
# min,max dist:  0.7382  0.7382
[AGTGC (5), AAAAA (0)]
# K =  2  mindist = 0.736,
# min,max dist:  0.7361  0.7361
[AGTGC (5), AAAAA (0)]
# K =  2  mindist = 0.734,
# min,max dist:  0.7340  0.7340
[AGTGC (5), AAAAA (0)]
# K =  2  mindist = 0.732,
# min,max dist:  0.7319  0.7319
[AGTGC (5), TGTA (1)]
# K =  2  mindist = 0.330,
# min,max dist:  0.3301  0.3301
[AGTGC (5), TGTAraTwr.....syssccs (1)]
# K =  2  mindist = 0.491,
# min,max dist:  0.4913  0.4913
[AGTGC (5), gTyGGAa (1)]
# K =  2  mindist = 0.448,
# min,max dist:  0.4481  0.4481
[AGTGC (5), gy.GrAM (1)]
# K =  2  mindist = 0.304,
# min,max dist:  0.3041  0.3041
[AGTGC (5), GGAm (1)]
# K =  2  mindist = 0.427,
# min,max dist:  0.4268  0.4268
[AGTGC (5), GGAm (1)]
# K =  2  mindist = 0.428,
# min,max dist:  0.4280  0.4280
[AGTGC (5), GGAm (1)]
# K =  2  mindist = 0.429,
# min,max dist:  0.4291  0.4291
[AGTGC (5), GGAm (1)]
# K =  2  mindist = 0.430,
# min,max dist:  0.4303  0.4303
[AGTGC (5), AAGCACCCGTT (1)]
# K =  2  mindist = 0.228,
# min,max dist:  0.2280  0.2280
[AGTGC (5), GCATG (1)]
# K =  2  mindist = 0.371,
# min,max dist:  0.3713  0.3713
[AGTGC (5), TGCATG (1)]
# K =  2  mindist = 0.396,
# min,max dist:  0.3960  0.3960
[AGTGC (5), TGCATG (1)]
# K =  2  mindist = 0.398,
# min,max dist:  0.3976  0.3976
[AGTGC (5), TGCATG (1)]
# K =  2  mindist = 0.399,
# min,max dist:  0.3992  0.3992
[AGTGC (5), TGCATG (1)]
# K =  2  mindist = 0.401,
# min,max dist:  0.4009  0.4009
[AGTGC (5), TGCATG (1)]
# K =  2  mindist = 0.402,
# min,max dist:  0.4025  0.4025
[AGTGC (5), TGCATG (1)]
# K =  2  mindist = 0.404,
# min,max dist:  0.4041  0.4041
[AGTGC (5), AGGGA (1)]
# K =  2  mindist = 0.387,
# min,max dist:  0.3866  0.3866
[AGTGC (5), AGGGA (1)]
# K =  2  mindist = 0.388,
# min,max dist:  0.3883  0.3883
[AGTGC (5), AGGGA (1)]
# K =  2  mindist = 0.390,
# min,max dist:  0.3901  0.3901
[AGTGC (5), AGGGA (1)]
# K =  2  mindist = 0.392,
# min,max dist:  0.3919  0.3919
[AGTGC (5), AGGGA (1)]
# K =  2  mindist = 0.394,
# min,max dist:  0.3935  0.3935
[AGTGC (5), AGGGA (1)]
# K =  2  mindist = 0.395,
# min,max dist:  0.3953  0.3953
[AGTGC (5), AGGGA (1)]
# K =  2  mindist = 0.397,
# min,max dist:  0.3971  0.3971
[AGTGC (5), AGGGA (1)]
# K =  2  mindist = 0.399,
# min,max dist:  0.3987  0.3987
[AGTGC (5), AGGGA (1)]
# K =  2  mindist = 0.400,
# min,max dist:  0.4005  0.4005
[AGTGC (5), GGTG (1)]
# K =  2  mindist = 0.248,
# min,max dist:  0.2475  0.2475
[AGTGC (5), ATTGCAC. (1)]
# K =  2  mindist = 0.091,
[AGTGC (5), ATTGCAC (1)]
# K =  2  mindist = 0.023,
[AGTGC (5), ATTGCAC (1)]
# K =  2  mindist = 0.000,
[AGTGC (5), yGCT (1)]
# K =  2  mindist = 0.141,
[AGTGC (5), yGCT (1)]
# K =  2  mindist = 0.145,
[AGTGC (5), GgrGAGTCATysC (1)]
# K =  2  mindist = 0.425,
# min,max dist:  0.4246  0.4246
[AGTGC (5), GgrGAGTCATysC (1)]
# K =  2  mindist = 0.426,
# min,max dist:  0.4258  0.4258
[AGTGC (5), wssT..scWTCAYmCC (1)]
# K =  2  mindist = 0.422,
# min,max dist:  0.4220  0.4220
[AGTGC (5), wssT..scWTCAYmCC (1)]
# K =  2  mindist = 0.423,
# min,max dist:  0.4232  0.4232
[AGTGC (5), wssT..scWTCAYmCC (1)]
# K =  2  mindist = 0.425,
# min,max dist:  0.4246  0.4246
[AGTGC (5), .t.mTTT.twTTy. (1)]
# K =  2  mindist = 0.542,
# min,max dist:  0.5417  0.5417
[AGTGC (5), TTTTATTTw (1)]
# K =  2  mindist = 0.592,
# min,max dist:  0.5915  0.5915
[AGTGC (5), WTTYAtTTT (1)]
# K =  2  mindist = 0.500,
# min,max dist:  0.5000  0.5000
[AGTGC (5), aGACkACGat (1)]
# K =  2  mindist = 0.474,
# min,max dist:  0.4740  0.4740
[AGTGC (5), tGTTCsAGwt (1)]
# K =  2  mindist = 0.371,
# min,max dist:  0.3709  0.3709
[AGTGC (5), AGsAs (1)]
# K =  2  mindist = 0.333,
# min,max dist:  0.3329  0.3329
[AGTGC (5), GATCAACCaGGCGACAG (1)]
# K =  2  mindist = 0.471,
# min,max dist:  0.4706  0.4706
[AGTGC (5), GATCAACCaGGCGACAG (1)]
# K =  2  mindist = 0.471,
# min,max dist:  0.4714  0.4714
[AGTGC (5), GATCAACCaGGCGACAG (1)]
# K =  2  mindist = 0.472,
# min,max dist:  0.4723  0.4723
[AGTGC (5), GATCAACCaGGCGACAG (1)]
# K =  2  mindist = 0.473,
# min,max dist:  0.4733  0.4733
[AGTGC (5), GATCAACCaGGCGACAG (1)]
# K =  2  mindist = 0.474,
# min,max dist:  0.4742  0.4742
[AGTGC (5), GaTCAACCaGGCGACaG (1)]
# K =  2  mindist = 0.475,
# min,max dist:  0.4751  0.4751
[AGTGC (5), GaTCAACCaGGCGACaG (1)]
# K =  2  mindist = 0.476,
# min,max dist:  0.4761  0.4761
[AGTGC (5), CCMk (1)]
# K =  2  mindist = 0.491,
# min,max dist:  0.4911  0.4911
[AGTGC (5), GwTWCCwGYTA (1)]
# K =  2  mindist = 0.496,
# min,max dist:  0.4958  0.4958
[AGTGC (5), gggtATGCTG (1)]
# K =  2  mindist = 0.355,
# min,max dist:  0.3547  0.3547
[AGTGC (5), g.GCAGTAGks (1)]
# K =  2  mindist = 0.198,
[AGTGC (5), aGGaGAt (1)]
# K =  2  mindist = 0.530,
# min,max dist:  0.5298  0.5298
[AGTGC (5), ACkAAym (1)]
# K =  2  mindist = 0.560,
# min,max dist:  0.5601  0.5601
[AGTGC (5), tTATTTAwt (1)]
# K =  2  mindist = 0.574,
# min,max dist:  0.5740  0.5740
[AGTGC (5), agGACrrAgC (1)]
# K =  2  mindist = 0.390,
# min,max dist:  0.3895  0.3895
[AGTGC (5), AGsAGaGtw (1)]
# K =  2  mindist = 0.373,
# min,max dist:  0.3725  0.3725
[AGTGC (5), aCGAgAGAy (1)]
# K =  2  mindist = 0.409,
# min,max dist:  0.4093  0.4093
[AGTGC (5), km.TrC (1)]
# K =  2  mindist = 0.354,
# min,max dist:  0.3535  0.3535
[AGTGC (5), km.TrC (1)]
# K =  2  mindist = 0.356,
# min,max dist:  0.3556  0.3556
[AGTGC (5), km.TrC (1)]
# K =  2  mindist = 0.358,
# min,max dist:  0.3576  0.3576
[AGTGC (5), km.TrC (1)]
# K =  2  mindist = 0.360,
# min,max dist:  0.3597  0.3597
[AACatTGT (8), wTAATTr (1)]
# K =  2  mindist = 0.446,
# min,max dist:  0.4464  0.4464
[AACatTGT (8), aGACGtw (0)]
# K =  2  mindist = 0.369,
# min,max dist:  0.3695  0.3695
[AACatTGT (8), tGTGTkk (1)]
# K =  2  mindist = 0.429,
# min,max dist:  0.4286  0.4286
[AACatTGT (8), AcACA.a (1)]
# K =  2  mindist = 0.348,
# min,max dist:  0.3476  0.3476
[AACatTGT (8), cwtTTTt (1)]
# K =  2  mindist = 0.313,
# min,max dist:  0.3128  0.3128
[AACatTGT (8), TAGgtar (1)]
# K =  2  mindist = 0.409,
# min,max dist:  0.4094  0.4094
[AACatTGT (8), gGACArg (1)]
# K =  2  mindist = 0.424,
# min,max dist:  0.4238  0.4238
[AACatTGT (8), wGCATGm (1)]
# K =  2  mindist = 0.551,
# min,max dist:  0.5513  0.5513
[AACatTGT (8), AGAGAam (0)]
# K =  2  mindist = 0.522,
# min,max dist:  0.5224  0.5224
[AACatTGT (8), gGACrrg (1)]
# K =  2  mindist = 0.431,
# min,max dist:  0.4311  0.4311
[AACatTGT (8), aGGATrr (0)]
# K =  2  mindist = 0.521,
# min,max dist:  0.5213  0.5213
[AACatTGT (8), .TAGGGa (1)]
# K =  2  mindist = 0.565,
# min,max dist:  0.5652  0.5652
[AACatTGT (8), .TAGGgw (1)]
# K =  2  mindist = 0.558,
# min,max dist:  0.5580  0.5580
[AACatTGT (8), .TAGGGa (1)]
# K =  2  mindist = 0.539,
# min,max dist:  0.5386  0.5386
[AACatTGT (8), aTTTTTk (1)]
# K =  2  mindist = 0.385,
# min,max dist:  0.3852  0.3852
[AACatTGT (8), CcAwmcc (0)]
# K =  2  mindist = 0.483,
# min,max dist:  0.4833  0.4833
[AACatTGT (8), acAcAma (1)]
# K =  2  mindist = 0.428,
# min,max dist:  0.4280  0.4280
[AACatTGT (8), TTwtTTt (1)]
# K =  2  mindist = 0.440,
# min,max dist:  0.4404  0.4404
[AACatTGT (8), amAwwCA (1)]
# K =  2  mindist = 0.475,
# min,max dist:  0.4748  0.4748
[AACatTGT (8), gATAAAc. (1)]
# K =  2  mindist = 0.506,
# min,max dist:  0.5057  0.5057
[AACatTGT (8), .GGAGaa (1)]
# K =  2  mindist = 0.539,
# min,max dist:  0.5395  0.5395
[AACatTGT (8), mATCTTg (1)]
# K =  2  mindist = 0.339,
# min,max dist:  0.3390  0.3390
[AACatTGT (8), .GCTTGc (1)]
# K =  2  mindist = 0.545,
# min,max dist:  0.5446  0.5446
[AACatTGT (8), TAGtwrg (1)]
# K =  2  mindist = 0.394,
# min,max dist:  0.3940  0.3940
[AACatTGT (8), aaAAAaa (0)]
# K =  2  mindist = 0.457,
# min,max dist:  0.4565  0.4565
[AACatTGT (8), ccyycCc (0)]
# K =  2  mindist = 0.459,
# min,max dist:  0.4586  0.4586
[AACatTGT (8), ssgCGCs (1)]
# K =  2  mindist = 0.566,
# min,max dist:  0.5661  0.5661
[AACatTGT (8), TGTAcAk (1)]
# K =  2  mindist = 0.624,
# min,max dist:  0.6239  0.6239
[AACatTGT (8), ACTAAC. (1)]
# K =  2  mindist = 0.524,
# min,max dist:  0.5243  0.5243
[AACatTGT (8), gwGTAG. (1)]
# K =  2  mindist = 0.584,
# min,max dist:  0.5844  0.5844
[AACatTGT (8), gatACga (1)]
# K =  2  mindist = 0.511,
# min,max dist:  0.5112  0.5112
[AACatTGT (8), kKGTGtg (1)]
# K =  2  mindist = 0.459,
# min,max dist:  0.4589  0.4589
[AACatTGT (8), GCGCGgg (1)]
# K =  2  mindist = 0.541,
# min,max dist:  0.5408  0.5408
[AACatTGT (8), wTACwTt (1)]
# K =  2  mindist = 0.307,
# min,max dist:  0.3074  0.3074
[AACatTGT (8), aATsAa. (1)]
# K =  2  mindist = 0.419,
# min,max dist:  0.4185  0.4185
[AACatTGT (8), gAaGGaa (1)]
# K =  2  mindist = 0.470,
# min,max dist:  0.4699  0.4699
[AACatTGT (8), gyGCGCg (1)]
# K =  2  mindist = 0.596,
# min,max dist:  0.5963  0.5963
[AACatTGT (8), aTATAtm (1)]
# K =  2  mindist = 0.525,
# min,max dist:  0.5250  0.5250
[AACatTGT (8), aCAACrr (1)]
# K =  2  mindist = 0.410,
# min,max dist:  0.4100  0.4100
[AACatTGT (8), TAAAAg. (1)]
# K =  2  mindist = 0.403,
# min,max dist:  0.4031  0.4031
[AACatTGT (8), GCkGG.c (1)]
# K =  2  mindist = 0.589,
# min,max dist:  0.5890  0.5890
[AACatTGT (8), arAAAaa (1)]
# K =  2  mindist = 0.520,
# min,max dist:  0.5201  0.5201
[AACatTGT (8), gGrwGga (1)]
# K =  2  mindist = 0.485,
# min,max dist:  0.4846  0.4846
[AACatTGT (8), rwTCAAg (1)]
# K =  2  mindist = 0.524,
# min,max dist:  0.5242  0.5242
[AACatTGT (8), wTGCACr (1)]
# K =  2  mindist = 0.587,
# min,max dist:  0.5867  0.5867
[AACatTGT (8), aGGAGwr. (1)]
# K =  2  mindist = 0.539,
# min,max dist:  0.5389  0.5389
[AACatTGT (8), gaCGACg. (1)]
# K =  2  mindist = 0.446,
# min,max dist:  0.4464  0.4464
[AACatTGT (8), AgGa.ma (1)]
# K =  2  mindist = 0.520,
# min,max dist:  0.5205  0.5205
[AACatTGT (8), cgATAct (1)]
# K =  2  mindist = 0.448,
# min,max dist:  0.4479  0.4479
[AACatTGT (8), .GaATGa. (1)]
# K =  2  mindist = 0.453,
# min,max dist:  0.4526  0.4526
[AACatTGT (8), tTTTTtk (1)]
# K =  2  mindist = 0.508,
# min,max dist:  0.5081  0.5081
[AACatTGT (8), tTTTTyc (1)]
# K =  2  mindist = 0.522,
# min,max dist:  0.5222  0.5222
[AACatTGT (8), tTTTTyy (1)]
# K =  2  mindist = 0.521,
# min,max dist:  0.5207  0.5207
[AACatTGT (8), TgTTGTg (1)]
# K =  2  mindist = 0.377,
# min,max dist:  0.3766  0.3766
[AACatTGT (8), AACAtC. (1)]
# K =  2  mindist = 0.305,
# min,max dist:  0.3048  0.3048
[AACatTGT (8), AACAwC. (1)]
# K =  2  mindist = 0.310,
# min,max dist:  0.3096  0.3096
[AACatTGT (8), scAGCGc (1)]
# K =  2  mindist = 0.460,
# min,max dist:  0.4597  0.4597
[AACatTGT (8), gamTTAA. (1)]
# K =  2  mindist = 0.602,
# min,max dist:  0.6016  0.6016
[AACatTGT (8), ArAGrrr (0)]
# K =  2  mindist = 0.450,
# min,max dist:  0.4499  0.4499
[AACatTGT (8), AGAGArr (1)]
# K =  2  mindist = 0.498,
# min,max dist:  0.4978  0.4978
[AACatTGT (8), AGAGAma (1)]
# K =  2  mindist = 0.532,
# min,max dist:  0.5320  0.5320
[AACatTGT (8), ACACra. (1)]
# K =  2  mindist = 0.401,
# min,max dist:  0.4010  0.4010
[AACatTGT (8), TGTAcAk (1)]
# K =  2  mindist = 0.613,
# min,max dist:  0.6128  0.6128
[AACatTGT (8), TGTAyAk (1)]
# K =  2  mindist = 0.617,
# min,max dist:  0.6172  0.6172
[AACatTGT (8), TGTAmak (1)]
# K =  2  mindist = 0.566,
# min,max dist:  0.5656  0.5656
[AACatTGT (8), TGTAmak (1)]
# K =  2  mindist = 0.571,
# min,max dist:  0.5712  0.5712
[AACatTGT (8), TGTAatt (1)]
# K =  2  mindist = 0.526,
# min,max dist:  0.5259  0.5259
[AACatTGT (8), GrAgGA. (1)]
# K =  2  mindist = 0.531,
# min,max dist:  0.5307  0.5307
[AACatTGT (8), GGAgGA. (1)]
# K =  2  mindist = 0.550,
# min,max dist:  0.5499  0.5499
[AACatTGT (8), GGAgGr. (1)]
# K =  2  mindist = 0.574,
# min,max dist:  0.5736  0.5736
[AACatTGT (8), GGAgGr. (1)]
# K =  2  mindist = 0.574,
# min,max dist:  0.5735  0.5735
[AACatTGT (8), .AGGAca. (1)]
# K =  2  mindist = 0.549,
# min,max dist:  0.5494  0.5494
[AACatTGT (8), TTtgTTT (1)]
# K =  2  mindist = 0.322,
# min,max dist:  0.3224  0.3224
[AACatTGT (8), gCGCGsg (1)]
# K =  2  mindist = 0.580,
# min,max dist:  0.5805  0.5805
[AACatTGT (8), AACATCa (0)]
# K =  2  mindist = 0.328,
# min,max dist:  0.3278  0.3278
[AACatTGT (8), TTtgkTt (1)]
# K =  2  mindist = 0.398,
# min,max dist:  0.3982  0.3982
[AACatTGT (8), aCTAAC. (1)]
# K =  2  mindist = 0.547,
# min,max dist:  0.5465  0.5465
[AACatTGT (8), gTGKTGT (1)]
# K =  2  mindist = 0.475,
# min,max dist:  0.4749  0.4749
[AACatTGT (8), .tGCATG. (1)]
# K =  2  mindist = 0.558,
# min,max dist:  0.5581  0.5581
[AACatTGT (8), kTTTgkg (1)]
# K =  2  mindist = 0.487,
# min,max dist:  0.4873  0.4873
[AACatTGT (8), aTCAwCg (1)]
# K =  2  mindist = 0.378,
# min,max dist:  0.3779  0.3779
[AACatTGT (8), agaGtaw. (1)]
# K =  2  mindist = 0.452,
# min,max dist:  0.4517  0.4517
[AACatTGT (8), TTt.GTT (0)]
# K =  2  mindist = 0.379,
# min,max dist:  0.3790  0.3790
[AACatTGT (8), GGAgGr. (1)]
# K =  2  mindist = 0.578,
# min,max dist:  0.5777  0.5777
[AACatTGT (8), tTkrTTT (1)]
# K =  2  mindist = 0.375,
# min,max dist:  0.3749  0.3749
[AACatTGT (8), gaTCAaga (1)]
# K =  2  mindist = 0.457,
# min,max dist:  0.4568  0.4568
[AACatTGT (8), .TWGCAC. (1)]
# K =  2  mindist = 0.715,
# min,max dist:  0.7146  0.7146
[AACatTGT (8), .ACTAAg (0)]
# K =  2  mindist = 0.390,
# min,max dist:  0.3903  0.3903
[AACatTGT (8), magACAg (1)]
# K =  2  mindist = 0.423,
# min,max dist:  0.4234  0.4234
[AACatTGT (8), tGGGga. (1)]
# K =  2  mindist = 0.618,
# min,max dist:  0.6181  0.6181
[AACatTGT (8), aACTAmg (1)]
# K =  2  mindist = 0.318,
# min,max dist:  0.3182  0.3182
[AACatTGT (8), tATAtAs (0)]
# K =  2  mindist = 0.437,
# min,max dist:  0.4372  0.4372
[AACatTGT (8), rAAAACm (1)]
# K =  2  mindist = 0.416,
# min,max dist:  0.4156  0.4156
[AACatTGT (8), sAaGGag (1)]
# K =  2  mindist = 0.450,
# min,max dist:  0.4503  0.4503
[AACatTGT (8), arAAAaa (1)]
# K =  2  mindist = 0.520,
# min,max dist:  0.5203  0.5203
[AACatTGT (8), gACAGA. (1)]
# K =  2  mindist = 0.378,
# min,max dist:  0.3779  0.3779
[AACatTGT (8), ArAAgA. (1)]
# K =  2  mindist = 0.500,
# min,max dist:  0.5004  0.5004
[AACatTGT (8), .TTTTTT (1)]
# K =  2  mindist = 0.426,
# min,max dist:  0.4260  0.4260
[AACatTGT (8), TTTTTTg (1)]
# K =  2  mindist = 0.492,
# min,max dist:  0.4922  0.4922
[AACatTGT (8), gGGaGGg (0)]
# K =  2  mindist = 0.544,
# min,max dist:  0.5440  0.5440
[AACatTGT (8), aAyGACra (1)]
# K =  2  mindist = 0.507,
# min,max dist:  0.5067  0.5067
[AACatTGT (8), cggAGGr (1)]
# K =  2  mindist = 0.529,
# min,max dist:  0.5285  0.5285
[AACatTGT (8), gGrGGAg (1)]
# K =  2  mindist = 0.577,
# min,max dist:  0.5768  0.5768
[AACatTGT (8), tGTTskt (1)]
# K =  2  mindist = 0.474,
# min,max dist:  0.4738  0.4738
[AACatTGT (8), tTTTTT. (1)]
# K =  2  mindist = 0.446,
# min,max dist:  0.4457  0.4457
[AACatTGT (8), tGTGTGt (1)]
# K =  2  mindist = 0.458,
# min,max dist:  0.4577  0.4577
[AACatTGT (8), aTTTTTk (1)]
# K =  2  mindist = 0.389,
# min,max dist:  0.3886  0.3886
[AACatTGT (8), wGCATGm (1)]
# K =  2  mindist = 0.550,
# min,max dist:  0.5498  0.5498
[AACatTGT (8), aTAAAA. (1)]
# K =  2  mindist = 0.551,
# min,max dist:  0.5512  0.5512
[AACatTGT (8), .ATCCAr (1)]
# K =  2  mindist = 0.528,
# min,max dist:  0.5280  0.5280
[AACatTGT (8), agAAA.t (1)]
# K =  2  mindist = 0.424,
# min,max dist:  0.4242  0.4242
[AACatTGT (8), amawwCA (1)]
# K =  2  mindist = 0.454,
# min,max dist:  0.4541  0.4541
[AACatTGT (8), tATATa. (1)]
# K =  2  mindist = 0.454,
# min,max dist:  0.4537  0.4537
[AACatTGT (8), TAGtwrg (0)]
# K =  2  mindist = 0.385,
# min,max dist:  0.3849  0.3849
[AACatTGT (8), gtrgtkk (1)]
# K =  2  mindist = 0.436,
# min,max dist:  0.4359  0.4359
[AACatTGT (8), aCAcACA (0)]
# K =  2  mindist = 0.499,
# min,max dist:  0.4994  0.4994
[AACatTGT (8), wGTGTGa (1)]
# K =  2  mindist = 0.421,
# min,max dist:  0.4209  0.4209
[AACatTGT (8), wGwGTGa (1)]
# K =  2  mindist = 0.369,
# min,max dist:  0.3690  0.3690
[AACatTGT (8), rATAAAm (1)]
# K =  2  mindist = 0.478,
# min,max dist:  0.4775  0.4775
[AACatTGT (8), CCwwwCC (0)]
# K =  2  mindist = 0.485,
# min,max dist:  0.4852  0.4852
[AACatTGT (8), TGTGkkg (1)]
# K =  2  mindist = 0.489,
# min,max dist:  0.4894  0.4894
[AACatTGT (8), .tTTyCCt (1)]
# K =  2  mindist = 0.598,
# min,max dist:  0.5983  0.5983
[AACatTGT (8), .CAAAAG (1)]
# K =  2  mindist = 0.536,
# min,max dist:  0.5364  0.5364
[AACatTGT (8), wwwtTTt (1)]
# K =  2  mindist = 0.294,
# min,max dist:  0.2940  0.2940
[AACatTGT (8), .wTGGAgt (1)]
# K =  2  mindist = 0.536,
# min,max dist:  0.5357  0.5357
[AACatTGT (8), cctTtcc. (1)]
# K =  2  mindist = 0.495,
# min,max dist:  0.4945  0.4945
[AACatTGT (8), gAcGAc. (1)]
# K =  2  mindist = 0.390,
# min,max dist:  0.3898  0.3898
[AACatTGT (8), waGaTAG (1)]
# K =  2  mindist = 0.402,
# min,max dist:  0.4024  0.4024
[AACatTGT (8), .twTcCc (1)]
# K =  2  mindist = 0.477,
# min,max dist:  0.4772  0.4772
[AACatTGT (8), ctTTTyt (1)]
# K =  2  mindist = 0.486,
# min,max dist:  0.4862  0.4862
[AACatTGT (8), .yTTTct (1)]
# K =  2  mindist = 0.388,
# min,max dist:  0.3881  0.3881
[AACatTGT (8), TkTgTGT (1)]
# K =  2  mindist = 0.455,
# min,max dist:  0.4546  0.4546
[AACatTGT (8), .GCATG. (1)]
# K =  2  mindist = 0.513,
# min,max dist:  0.5130  0.5130
[AACatTGT (8), tTTtTtt (1)]
# K =  2  mindist = 0.474,
# min,max dist:  0.4736  0.4736
[AACatTGT (8), aGAyAsA. (1)]
# K =  2  mindist = 0.501,
# min,max dist:  0.5010  0.5010
[AACatTGT (8), GATGAw. (1)]
# K =  2  mindist = 0.463,
# min,max dist:  0.4632  0.4632
[AACatTGT (8), gATGAw. (1)]
# K =  2  mindist = 0.474,
# min,max dist:  0.4737  0.4737
[AACatTGT (8), maAAwwg (1)]
# K =  2  mindist = 0.366,
# min,max dist:  0.3656  0.3656
[AACatTGT (8), .aACTAc. (1)]
# K =  2  mindist = 0.374,
# min,max dist:  0.3744  0.3744
[AACatTGT (8), gwGTGTg (1)]
# K =  2  mindist = 0.414,
# min,max dist:  0.4139  0.4139
[AACatTGT (8), gwGTGTg. (1)]
# K =  2  mindist = 0.409,
# min,max dist:  0.4088  0.4088
[AACatTGT (8), cmAAAtt (1)]
# K =  2  mindist = 0.389,
# min,max dist:  0.3892  0.3892
[AACatTGT (8), mAAAAag (1)]
# K =  2  mindist = 0.373,
# min,max dist:  0.3733  0.3733
[AACatTGT (8), .TAATTs (1)]
# K =  2  mindist = 0.459,
# min,max dist:  0.4595  0.4595
[AACatTGT (8), CcGAAAkCCCGAAGTAgG (1)]
# K =  2  mindist = 0.433,
# min,max dist:  0.4329  0.4329
[AACatTGT (8), CwCAA (1)]
# K =  2  mindist = 0.397,
# min,max dist:  0.3971  0.3971
[AACatTGT (8), CTCAA (1)]
# K =  2  mindist = 0.404,
# min,max dist:  0.4041  0.4041
[AACatTGT (8), CTCAA (0)]
# K =  2  mindist = 0.400,
# min,max dist:  0.4002  0.4002
[AACatTGT (8), AACAtC (1)]
# K =  2  mindist = 0.236,
# min,max dist:  0.2362  0.2362
[AACatTGT (8), AACAtC (1)]
# K =  2  mindist = 0.237,
# min,max dist:  0.2370  0.2370
[AACatTGT (8), AACAtC (1)]
# K =  2  mindist = 0.238,
# min,max dist:  0.2375  0.2375
[AACatTGT (8), cAGtg. (1)]
# K =  2  mindist = 0.333,
# min,max dist:  0.3326  0.3326
[AACatTGT (8), caGtg. (1)]
# K =  2  mindist = 0.332,
# min,max dist:  0.3322  0.3322
[AACatTGT (8), gcCa.AMCAyCGC (1)]
# K =  2  mindist = 0.411,
# min,max dist:  0.4112  0.4112
[AACatTGT (8), GTGTGA (1)]
# K =  2  mindist = 0.346,
# min,max dist:  0.3465  0.3465
[AACatTGT (8), tACTAAC (1)]
# K =  2  mindist = 0.526,
# min,max dist:  0.5264  0.5264
[AACatTGT (8), tACTAAC (1)]
# K =  2  mindist = 0.523,
# min,max dist:  0.5232  0.5232
[AACatTGT (8), tACTAAC (1)]
# K =  2  mindist = 0.520,
# min,max dist:  0.5200  0.5200
[AACatTGT (8), tACTAAC (1)]
# K =  2  mindist = 0.517,
# min,max dist:  0.5167  0.5167
[AACatTGT (8), tACTAAC (1)]
# K =  2  mindist = 0.514,
# min,max dist:  0.5137  0.5137
[AACatTGT (8), tACTAAC (1)]
# K =  2  mindist = 0.511,
# min,max dist:  0.5106  0.5106
[AACatTGT (8), tACTAAC (1)]
# K =  2  mindist = 0.508,
# min,max dist:  0.5075  0.5075
[AACatTGT (8), AAwAArkAAAG (1)]
# K =  2  mindist = 0.472,
# min,max dist:  0.4722  0.4722
[AACatTGT (8), AAwAArkAAAG (1)]
# K =  2  mindist = 0.470,
# min,max dist:  0.4700  0.4700
[AACatTGT (8), TAGGgw (1)]
# K =  2  mindist = 0.444,
# min,max dist:  0.4444  0.4444
[AACatTGT (8), rGAaGrAC (1)]
# K =  2  mindist = 0.571,
# min,max dist:  0.5706  0.5706
[AACatTGT (8), ACGCGCr (1)]
# K =  2  mindist = 0.520,
# min,max dist:  0.5204  0.5204
[AACatTGT (8), GTTCSAGkw (1)]
# K =  2  mindist = 0.582,
# min,max dist:  0.5819  0.5819
[AACatTGT (8), AAAAA (1)]
# K =  2  mindist = 0.355,
# min,max dist:  0.3547  0.3547
[AACatTGT (8), AAAAA (1)]
# K =  2  mindist = 0.355,
# min,max dist:  0.3550  0.3550
[AACatTGT (8), AAAAA (1)]
# K =  2  mindist = 0.355,
# min,max dist:  0.3554  0.3554
[AACatTGT (8), AAAAA (0)]
# K =  2  mindist = 0.356,
# min,max dist:  0.3557  0.3557
[AACatTGT (8), AAAAA (0)]
# K =  2  mindist = 0.356,
# min,max dist:  0.3561  0.3561
[AACatTGT (8), AAAAA (0)]
# K =  2  mindist = 0.356,
# min,max dist:  0.3565  0.3565
[AACatTGT (8), TGTA (1)]
# K =  2  mindist = 0.165,
[AACatTGT (8), TGTAraTwr.....syssccs (1)]
# K =  2  mindist = 0.388,
# min,max dist:  0.3876  0.3876
[AACatTGT (8), gTyGGAa (1)]
# K =  2  mindist = 0.517,
# min,max dist:  0.5168  0.5168
[AACatTGT (8), gy.GrAM (1)]
# K =  2  mindist = 0.559,
# min,max dist:  0.5588  0.5588
[AACatTGT (8), GGAm (1)]
# K =  2  mindist = 0.548,
# min,max dist:  0.5480  0.5480
[AACatTGT (8), GGAm (1)]
# K =  2  mindist = 0.544,
# min,max dist:  0.5441  0.5441
[AACatTGT (8), GGAm (1)]
# K =  2  mindist = 0.540,
# min,max dist:  0.5400  0.5400
[AACatTGT (8), GGAm (1)]
# K =  2  mindist = 0.536,
# min,max dist:  0.5359  0.5359
[AACatTGT (8), AAGCACCCGTT (1)]
# K =  2  mindist = 0.488,
# min,max dist:  0.4877  0.4877
[AACatTGT (8), GCATG (1)]
# K =  2  mindist = 0.478,
# min,max dist:  0.4781  0.4781
[AACatTGT (8), TGCATG (1)]
# K =  2  mindist = 0.573,
# min,max dist:  0.5733  0.5733
[AACatTGT (8), TGCATG (1)]
# K =  2  mindist = 0.570,
# min,max dist:  0.5701  0.5701
[AACatTGT (8), TGCATG (1)]
# K =  2  mindist = 0.567,
# min,max dist:  0.5667  0.5667
[AACatTGT (8), TGCATG (1)]
# K =  2  mindist = 0.563,
# min,max dist:  0.5634  0.5634
[AACatTGT (8), TGCATG (1)]
# K =  2  mindist = 0.560,
# min,max dist:  0.5603  0.5603
[AACatTGT (8), TGCATG (1)]
# K =  2  mindist = 0.557,
# min,max dist:  0.5570  0.5570
[AACatTGT (8), AGGGA (1)]
# K =  2  mindist = 0.522,
# min,max dist:  0.5222  0.5222
[AACatTGT (8), AGGGA (1)]
# K =  2  mindist = 0.519,
# min,max dist:  0.5194  0.5194
[AACatTGT (8), AGGGA (1)]
# K =  2  mindist = 0.517,
# min,max dist:  0.5166  0.5166
[AACatTGT (8), AGGGA (1)]
# K =  2  mindist = 0.514,
# min,max dist:  0.5137  0.5137
[AACatTGT (8), AGGGA (1)]
# K =  2  mindist = 0.511,
# min,max dist:  0.5111  0.5111
[AACatTGT (8), AGGGA (1)]
# K =  2  mindist = 0.508,
# min,max dist:  0.5084  0.5084
[AACatTGT (8), AGGGA (1)]
# K =  2  mindist = 0.506,
# min,max dist:  0.5057  0.5057
[AACatTGT (8), AGGGA (1)]
# K =  2  mindist = 0.503,
# min,max dist:  0.5032  0.5032
[AACatTGT (8), AGGGA (1)]
# K =  2  mindist = 0.501,
# min,max dist:  0.5006  0.5006
[AACatTGT (8), GGTG (1)]
# K =  2  mindist = 0.330,
# min,max dist:  0.3301  0.3301
[AACatTGT (8), ATTGCAC. (1)]
# K =  2  mindist = 0.693,
# min,max dist:  0.6935  0.6935
[AACatTGT (8), ATTGCAC (1)]
# K =  2  mindist = 0.533,
# min,max dist:  0.5327  0.5327
[AACatTGT (8), ATTGCAC (1)]
# K =  2  mindist = 0.538,
# min,max dist:  0.5378  0.5378
[AACatTGT (8), yGCT (1)]
# K =  2  mindist = 0.351,
# min,max dist:  0.3513  0.3513
[AACatTGT (8), yGCT (1)]
# K =  2  mindist = 0.352,
# min,max dist:  0.3516  0.3516
[AACatTGT (8), GgrGAGTCATysC (1)]
# K =  2  mindist = 0.484,
# min,max dist:  0.4836  0.4836
[AACatTGT (8), GgrGAGTCATysC (1)]
# K =  2  mindist = 0.482,
# min,max dist:  0.4825  0.4825
[AACatTGT (8), wssT..scWTCAYmCC (1)]
# K =  2  mindist = 0.455,
# min,max dist:  0.4550  0.4550
[AACatTGT (8), wssT..scWTCAYmCC (1)]
# K =  2  mindist = 0.455,
# min,max dist:  0.4548  0.4548
[AACatTGT (8), wssT..scWTCAYmCC (1)]
# K =  2  mindist = 0.455,
# min,max dist:  0.4546  0.4546
[AACatTGT (8), .t.mTTT.twTTy. (1)]
# K =  2  mindist = 0.439,
# min,max dist:  0.4395  0.4395
[AACatTGT (8), TTTTATTTw (1)]
# K =  2  mindist = 0.543,
# min,max dist:  0.5431  0.5431
[AACatTGT (8), WTTYAtTTT (1)]
# K =  2  mindist = 0.489,
# min,max dist:  0.4893  0.4893
[AACatTGT (8), aGACkACGat (1)]
# K =  2  mindist = 0.380,
# min,max dist:  0.3803  0.3803
[AACatTGT (8), tGTTCsAGwt (1)]
# K =  2  mindist = 0.595,
# min,max dist:  0.5949  0.5949
[AACatTGT (8), AGsAs (1)]
# K =  2  mindist = 0.447,
# min,max dist:  0.4475  0.4475
[AACatTGT (8), GATCAACCaGGCGACAG (1)]
# K =  2  mindist = 0.400,
# min,max dist:  0.3998  0.3998
[AACatTGT (8), GATCAACCaGGCGACAG (1)]
# K =  2  mindist = 0.399,
# min,max dist:  0.3992  0.3992
[AACatTGT (8), GATCAACCaGGCGACAG (1)]
# K =  2  mindist = 0.399,
# min,max dist:  0.3987  0.3987
[AACatTGT (8), GATCAACCaGGCGACAG (1)]
# K =  2  mindist = 0.398,
# min,max dist:  0.3982  0.3982
[AACatTGT (8), GATCAACCaGGCGACAG (1)]
# K =  2  mindist = 0.398,
# min,max dist:  0.3977  0.3977
[AACatTGT (8), GaTCAACCaGGCGACaG (1)]
# K =  2  mindist = 0.397,
# min,max dist:  0.3973  0.3973
[AACatTGT (8), GaTCAACCaGGCGACaG (1)]
# K =  2  mindist = 0.397,
# min,max dist:  0.3968  0.3968
[AACatTGT (8), CCMk (1)]
# K =  2  mindist = 0.423,
# min,max dist:  0.4232  0.4232
[AACatTGT (8), GwTWCCwGYTA (1)]
# K =  2  mindist = 0.507,
# min,max dist:  0.5068  0.5068
[AACatTGT (8), gggtATGCTG (1)]
# K =  2  mindist = 0.478,
# min,max dist:  0.4781  0.4781
[AACatTGT (8), g.GCAGTAGks (1)]
# K =  2  mindist = 0.537,
# min,max dist:  0.5373  0.5373
[AACatTGT (8), aGGaGAt (1)]
# K =  2  mindist = 0.505,
# min,max dist:  0.5051  0.5051
[AACatTGT (8), ACkAAym (1)]
# K =  2  mindist = 0.457,
# min,max dist:  0.4572  0.4572
[AACatTGT (8), tTATTTAwt (1)]
# K =  2  mindist = 0.591,
# min,max dist:  0.5910  0.5910
[AACatTGT (8), agGACrrAgC (1)]
# K =  2  mindist = 0.373,
# min,max dist:  0.3732  0.3732
[AACatTGT (8), AGsAGaGtw (1)]
# K =  2  mindist = 0.446,
# min,max dist:  0.4462  0.4462
[AACatTGT (8), aCGAgAGAy (1)]
# K =  2  mindist = 0.553,
# min,max dist:  0.5533  0.5533
[AACatTGT (8), km.TrC (1)]
# K =  2  mindist = 0.453,
# min,max dist:  0.4532  0.4532
[AACatTGT (8), km.TrC (1)]
# K =  2  mindist = 0.453,
# min,max dist:  0.4529  0.4529
[AACatTGT (8), km.TrC (1)]
# K =  2  mindist = 0.453,
# min,max dist:  0.4526  0.4526
[AACatTGT (8), km.TrC (1)]
# K =  2  mindist = 0.452,
# min,max dist:  0.4522  0.4522
[CTGG (4), wTAATTr (1)]
# K =  2  mindist = 0.479,
# min,max dist:  0.4785  0.4785
[CTGG (4), aGACGtw (0)]
# K =  2  mindist = 0.613,
# min,max dist:  0.6130  0.6130
[CTGG (4), tGTGTkk (1)]
# K =  2  mindist = 0.486,
# min,max dist:  0.4860  0.4860
[CTGG (4), AcACA.a (1)]
# K =  2  mindist = 0.459,
# min,max dist:  0.4587  0.4587
[CTGG (4), cwtTTTt (1)]
# K =  2  mindist = 0.567,
# min,max dist:  0.5669  0.5669
[CTGG (4), TAGgtar (1)]
# K =  2  mindist = 0.370,
# min,max dist:  0.3697  0.3697
[CTGG (4), gGACArg (1)]
# K =  2  mindist = 0.392,
# min,max dist:  0.3920  0.3920
[CTGG (4), wGCATGm (1)]
# K =  2  mindist = 0.437,
# min,max dist:  0.4365  0.4365
[CTGG (4), AGAGAam (0)]
# K =  2  mindist = 0.489,
# min,max dist:  0.4885  0.4885
[CTGG (4), gGACrrg (1)]
# K =  2  mindist = 0.412,
# min,max dist:  0.4124  0.4124
[CTGG (4), aGGATrr (0)]
# K =  2  mindist = 0.302,
# min,max dist:  0.3022  0.3022
[CTGG (4), .TAGGGa (1)]
# K =  2  mindist = 0.440,
# min,max dist:  0.4404  0.4404
[CTGG (4), .TAGGgw (1)]
# K =  2  mindist = 0.445,
# min,max dist:  0.4452  0.4452
[CTGG (4), .TAGGGa (1)]
# K =  2  mindist = 0.413,
# min,max dist:  0.4132  0.4132
[CTGG (4), aTTTTTk (1)]
# K =  2  mindist = 0.544,
# min,max dist:  0.5436  0.5436
[CTGG (4), CcAwmcc (0)]
# K =  2  mindist = 0.308,
# min,max dist:  0.3080  0.3080
[CTGG (4), acAcAma (1)]
# K =  2  mindist = 0.485,
# min,max dist:  0.4851  0.4851
[CTGG (4), TTwtTTt (1)]
# K =  2  mindist = 0.569,
# min,max dist:  0.5693  0.5693
[CTGG (4), amAwwCA (1)]
# K =  2  mindist = 0.314,
# min,max dist:  0.3138  0.3138
[CTGG (4), gATAAAc. (1)]
# K =  2  mindist = 0.576,
# min,max dist:  0.5762  0.5762
[CTGG (4), .GGAGaa (1)]
# K =  2  mindist = 0.284,
# min,max dist:  0.2838  0.2838
[CTGG (4), mATCTTg (1)]
# K =  2  mindist = 0.332,
# min,max dist:  0.3323  0.3323
[CTGG (4), .GCTTGc (1)]
# K =  2  mindist = 0.319,
# min,max dist:  0.3185  0.3185
[CTGG (4), TAGtwrg (1)]
# K =  2  mindist = 0.310,
# min,max dist:  0.3104  0.3104
[CTGG (4), aaAAAaa (0)]
# K =  2  mindist = 0.662,
# min,max dist:  0.6620  0.6620
[CTGG (4), ccyycCc (0)]
# K =  2  mindist = 0.341,
# min,max dist:  0.3411  0.3411
[CTGG (4), ssgCGCs (1)]
# K =  2  mindist = 0.537,
# min,max dist:  0.5365  0.5365
[CTGG (4), TGTAcAk (1)]
# K =  2  mindist = 0.334,
# min,max dist:  0.3341  0.3341
[CTGG (4), ACTAAC. (1)]
# K =  2  mindist = 0.498,
# min,max dist:  0.4984  0.4984
[CTGG (4), gwGTAG. (1)]
# K =  2  mindist = 0.439,
# min,max dist:  0.4393  0.4393
[CTGG (4), gatACga (1)]
# K =  2  mindist = 0.425,
# min,max dist:  0.4253  0.4253
[CTGG (4), kKGTGtg (1)]
# K =  2  mindist = 0.459,
# min,max dist:  0.4587  0.4587
[CTGG (4), GCGCGgg (1)]
# K =  2  mindist = 0.419,
# min,max dist:  0.4192  0.4192
[CTGG (4), wTACwTt (1)]
# K =  2  mindist = 0.528,
# min,max dist:  0.5275  0.5275
[CTGG (4), aATsAa. (1)]
# K =  2  mindist = 0.535,
# min,max dist:  0.5351  0.5351
[CTGG (4), gAaGGaa (1)]
# K =  2  mindist = 0.459,
# min,max dist:  0.4594  0.4594
[CTGG (4), gyGCGCg (1)]
# K =  2  mindist = 0.553,
# min,max dist:  0.5530  0.5530
[CTGG (4), aTATAtm (1)]
# K =  2  mindist = 0.642,
# min,max dist:  0.6415  0.6415
[CTGG (4), aCAACrr (1)]
# K =  2  mindist = 0.429,
# min,max dist:  0.4294  0.4294
[CTGG (4), TAAAAg. (1)]
# K =  2  mindist = 0.568,
# min,max dist:  0.5677  0.5677
[CTGG (4), GCkGG.c (1)]
# K =  2  mindist = 0.095,
[CTGG (4), arAAAaa (1)]
# K =  2  mindist = 0.645,
# min,max dist:  0.6450  0.6450
[CTGG (4), gGrwGga (1)]
# K =  2  mindist = 0.438,
# min,max dist:  0.4376  0.4376
[CTGG (4), rwTCAAg (1)]
# K =  2  mindist = 0.299,
# min,max dist:  0.2986  0.2986
[CTGG (4), wTGCACr (1)]
# K =  2  mindist = 0.426,
# min,max dist:  0.4258  0.4258
[CTGG (4), aGGAGwr. (1)]
# K =  2  mindist = 0.278,
# min,max dist:  0.2776  0.2776
[CTGG (4), gaCGACg. (1)]
# K =  2  mindist = 0.456,
# min,max dist:  0.4557  0.4557
[CTGG (4), AgGa.ma (1)]
# K =  2  mindist = 0.424,
# min,max dist:  0.4237  0.4237
[CTGG (4), cgATAct (1)]
# K =  2  mindist = 0.539,
# min,max dist:  0.5391  0.5391
[CTGG (4), .GaATGa. (1)]
# K =  2  mindist = 0.443,
# min,max dist:  0.4432  0.4432
[CTGG (4), tTTTTtk (1)]
# K =  2  mindist = 0.516,
# min,max dist:  0.5159  0.5159
[CTGG (4), tTTTTyc (1)]
# K =  2  mindist = 0.686,
# min,max dist:  0.6864  0.6864
[CTGG (4), tTTTTyy (1)]
# K =  2  mindist = 0.617,
# min,max dist:  0.6171  0.6171
[CTGG (4), TgTTGTg (1)]
# K =  2  mindist = 0.446,
# min,max dist:  0.4464  0.4464
[CTGG (4), AACAtC. (1)]
# K =  2  mindist = 0.415,
# min,max dist:  0.4153  0.4153
[CTGG (4), AACAwC. (1)]
# K =  2  mindist = 0.458,
# min,max dist:  0.4585  0.4585
[CTGG (4), scAGCGc (1)]
# K =  2  mindist = 0.290,
# min,max dist:  0.2902  0.2902
[CTGG (4), gamTTAA. (1)]
# K =  2  mindist = 0.613,
# min,max dist:  0.6131  0.6131
[CTGG (4), ArAGrrr (0)]
# K =  2  mindist = 0.491,
# min,max dist:  0.4913  0.4913
[CTGG (4), AGAGArr (1)]
# K =  2  mindist = 0.488,
# min,max dist:  0.4883  0.4883
[CTGG (4), AGAGAma (1)]
# K =  2  mindist = 0.503,
# min,max dist:  0.5027  0.5027
[CTGG (4), ACACra. (1)]
# K =  2  mindist = 0.423,
# min,max dist:  0.4226  0.4226
[CTGG (4), TGTAcAk (1)]
# K =  2  mindist = 0.334,
# min,max dist:  0.3342  0.3342
[CTGG (4), TGTAyAk (1)]
# K =  2  mindist = 0.338,
# min,max dist:  0.3379  0.3379
[CTGG (4), TGTAmak (1)]
# K =  2  mindist = 0.335,
# min,max dist:  0.3346  0.3346
[CTGG (4), TGTAmak (1)]
# K =  2  mindist = 0.335,
# min,max dist:  0.3350  0.3350
[CTGG (4), TGTAatt (1)]
# K =  2  mindist = 0.366,
# min,max dist:  0.3664  0.3664
[CTGG (4), GrAgGA. (1)]
# K =  2  mindist = 0.498,
# min,max dist:  0.4976  0.4976
[CTGG (4), GGAgGA. (1)]
# K =  2  mindist = 0.523,
# min,max dist:  0.5232  0.5232
[CTGG (4), GGAgGr. (1)]
# K =  2  mindist = 0.548,
# min,max dist:  0.5476  0.5476
[CTGG (4), GGAgGr. (1)]
# K =  2  mindist = 0.547,
# min,max dist:  0.5471  0.5471
[CTGG (4), .AGGAca. (1)]
# K =  2  mindist = 0.200,
[CTGG (4), TTtgTTT (1)]
# K =  2  mindist = 0.503,
# min,max dist:  0.5034  0.5034
[CTGG (4), gCGCGsg (1)]
# K =  2  mindist = 0.396,
# min,max dist:  0.3964  0.3964
[CTGG (4), AACATCa (0)]
# K =  2  mindist = 0.396,
# min,max dist:  0.3958  0.3958
[CTGG (4), TTtgkTt (1)]
# K =  2  mindist = 0.536,
# min,max dist:  0.5359  0.5359
[CTGG (4), aCTAAC. (1)]
# K =  2  mindist = 0.487,
# min,max dist:  0.4871  0.4871
[CTGG (4), gTGKTGT (1)]
# K =  2  mindist = 0.315,
# min,max dist:  0.3154  0.3154
[CTGG (4), .tGCATG. (1)]
# K =  2  mindist = 0.413,
# min,max dist:  0.4134  0.4134
[CTGG (4), kTTTgkg (1)]
# K =  2  mindist = 0.411,
# min,max dist:  0.4107  0.4107
[CTGG (4), aTCAwCg (1)]
# K =  2  mindist = 0.403,
# min,max dist:  0.4028  0.4028
[CTGG (4), agaGtaw. (1)]
# K =  2  mindist = 0.513,
# min,max dist:  0.5128  0.5128
[CTGG (4), TTt.GTT (0)]
# K =  2  mindist = 0.489,
# min,max dist:  0.4886  0.4886
[CTGG (4), GGAgGr. (1)]
# K =  2  mindist = 0.522,
# min,max dist:  0.5223  0.5223
[CTGG (4), tTkrTTT (1)]
# K =  2  mindist = 0.399,
# min,max dist:  0.3993  0.3993
[CTGG (4), gaTCAaga (1)]
# K =  2  mindist = 0.393,
# min,max dist:  0.3928  0.3928
[CTGG (4), .TWGCAC. (1)]
# K =  2  mindist = 0.412,
# min,max dist:  0.4124  0.4124
[CTGG (4), .ACTAAg (0)]
# K =  2  mindist = 0.497,
# min,max dist:  0.4968  0.4968
[CTGG (4), magACAg (1)]
# K =  2  mindist = 0.344,
# min,max dist:  0.3443  0.3443
[CTGG (4), tGGGga. (1)]
# K =  2  mindist = 0.109,
[CTGG (4), aACTAmg (1)]
# K =  2  mindist = 0.455,
# min,max dist:  0.4553  0.4553
[CTGG (4), tATAtAs (0)]
# K =  2  mindist = 0.587,
# min,max dist:  0.5868  0.5868
[CTGG (4), rAAAACm (1)]
# K =  2  mindist = 0.582,
# min,max dist:  0.5816  0.5816
[CTGG (4), sAaGGag (1)]
# K =  2  mindist = 0.510,
# min,max dist:  0.5099  0.5099
[CTGG (4), arAAAaa (1)]
# K =  2  mindist = 0.645,
# min,max dist:  0.6451  0.6451
[CTGG (4), gACAGA. (1)]
# K =  2  mindist = 0.315,
# min,max dist:  0.3149  0.3149
[CTGG (4), ArAAgA. (1)]
# K =  2  mindist = 0.531,
# min,max dist:  0.5309  0.5309
[CTGG (4), .TTTTTT (1)]
# K =  2  mindist = 0.641,
# min,max dist:  0.6409  0.6409
[CTGG (4), TTTTTTg (1)]
# K =  2  mindist = 0.504,
# min,max dist:  0.5036  0.5036
[CTGG (4), gGGaGGg (0)]
# K =  2  mindist = 0.378,
# min,max dist:  0.3776  0.3776
[CTGG (4), aAyGACra (1)]
# K =  2  mindist = 0.428,
# min,max dist:  0.4285  0.4285
[CTGG (4), cggAGGr (1)]
# K =  2  mindist = 0.366,
# min,max dist:  0.3660  0.3660
[CTGG (4), gGrGGAg (1)]
# K =  2  mindist = 0.512,
# min,max dist:  0.5117  0.5117
[CTGG (4), tGTTskt (1)]
# K =  2  mindist = 0.482,
# min,max dist:  0.4817  0.4817
[CTGG (4), tTTTTT. (1)]
# K =  2  mindist = 0.591,
# min,max dist:  0.5912  0.5912
[CTGG (4), tGTGTGt (1)]
# K =  2  mindist = 0.428,
# min,max dist:  0.4276  0.4276
[CTGG (4), aTTTTTk (1)]
# K =  2  mindist = 0.551,
# min,max dist:  0.5508  0.5508
[CTGG (4), wGCATGm (1)]
# K =  2  mindist = 0.438,
# min,max dist:  0.4379  0.4379
[CTGG (4), aTAAAA. (1)]
# K =  2  mindist = 0.616,
# min,max dist:  0.6160  0.6160
[CTGG (4), .ATCCAr (1)]
# K =  2  mindist = 0.124,
[CTGG (4), agAAA.t (1)]
# K =  2  mindist = 0.658,
# min,max dist:  0.6583  0.6583
[CTGG (4), amawwCA (1)]
# K =  2  mindist = 0.369,
# min,max dist:  0.3690  0.3690
[CTGG (4), tATATa. (1)]
# K =  2  mindist = 0.590,
# min,max dist:  0.5896  0.5896
[CTGG (4), TAGtwrg (0)]
# K =  2  mindist = 0.325,
# min,max dist:  0.3254  0.3254
[CTGG (4), gtrgtkk (1)]
# K =  2  mindist = 0.450,
# min,max dist:  0.4502  0.4502
[CTGG (4), aCAcACA (0)]
# K =  2  mindist = 0.312,
# min,max dist:  0.3119  0.3119
[CTGG (4), wGTGTGa (1)]
# K =  2  mindist = 0.430,
# min,max dist:  0.4297  0.4297
[CTGG (4), wGwGTGa (1)]
# K =  2  mindist = 0.434,
# min,max dist:  0.4343  0.4343
[CTGG (4), rATAAAm (1)]
# K =  2  mindist = 0.605,
# min,max dist:  0.6048  0.6048
[CTGG (4), CCwwwCC (0)]
# K =  2  mindist = 0.440,
# min,max dist:  0.4400  0.4400
[CTGG (4), TGTGkkg (1)]
# K =  2  mindist = 0.381,
# min,max dist:  0.3809  0.3809
[CTGG (4), .tTTyCCt (1)]
# K =  2  mindist = 0.294,
# min,max dist:  0.2941  0.2941
[CTGG (4), .CAAAAG (1)]
# K =  2  mindist = 0.424,
# min,max dist:  0.4240  0.4240
[CTGG (4), wwwtTTt (1)]
# K =  2  mindist = 0.611,
# min,max dist:  0.6114  0.6114
[CTGG (4), .wTGGAgt (1)]
# K =  2  mindist = 0.214,
# min,max dist:  0.2143  0.2143
[CTGG (4), cctTtcc. (1)]
# K =  2  mindist = 0.342,
# min,max dist:  0.3416  0.3416
[CTGG (4), gAcGAc. (1)]
# K =  2  mindist = 0.540,
# min,max dist:  0.5397  0.5397
[CTGG (4), waGaTAG (1)]
# K =  2  mindist = 0.394,
# min,max dist:  0.3939  0.3939
[CTGG (4), .twTcCc (1)]
# K =  2  mindist = 0.377,
# min,max dist:  0.3774  0.3774
[CTGG (4), ctTTTyt (1)]
# K =  2  mindist = 0.641,
# min,max dist:  0.6410  0.6410
[CTGG (4), .yTTTct (1)]
# K =  2  mindist = 0.547,
# min,max dist:  0.5471  0.5471
[CTGG (4), TkTgTGT (1)]
# K =  2  mindist = 0.476,
# min,max dist:  0.4763  0.4763
[CTGG (4), .GCATG. (1)]
# K =  2  mindist = 0.430,
# min,max dist:  0.4302  0.4302
[CTGG (4), tTTtTtt (1)]
# K =  2  mindist = 0.617,
# min,max dist:  0.6173  0.6173
[CTGG (4), aGAyAsA. (1)]
# K =  2  mindist = 0.477,
# min,max dist:  0.4772  0.4772
[CTGG (4), GATGAw. (1)]
# K =  2  mindist = 0.520,
# min,max dist:  0.5202  0.5202
[CTGG (4), gATGAw. (1)]
# K =  2  mindist = 0.511,
# min,max dist:  0.5106  0.5106
[CTGG (4), maAAwwg (1)]
# K =  2  mindist = 0.488,
# min,max dist:  0.4881  0.4881
[CTGG (4), .aACTAc. (1)]
# K =  2  mindist = 0.477,
# min,max dist:  0.4765  0.4765
[CTGG (4), gwGTGTg (1)]
# K =  2  mindist = 0.424,
# min,max dist:  0.4239  0.4239
[CTGG (4), gwGTGTg. (1)]
# K =  2  mindist = 0.410,
# min,max dist:  0.4104  0.4104
[CTGG (4), cmAAAtt (1)]
# K =  2  mindist = 0.418,
# min,max dist:  0.4183  0.4183
[CTGG (4), mAAAAag (1)]
# K =  2  mindist = 0.551,
# min,max dist:  0.5509  0.5509
[CTGG (4), .TAATTs (1)]
# K =  2  mindist = 0.471,
# min,max dist:  0.4711  0.4711
[CTGG (4), CcGAAAkCCCGAAGTAgG (1)]
# K =  2  mindist = 0.248,
# min,max dist:  0.2476  0.2476
[CTGG (4), CwCAA (1)]
# K =  2  mindist = 0.330,
# min,max dist:  0.3300  0.3300
[CTGG (4), CTCAA (1)]
# K =  2  mindist = 0.317,
# min,max dist:  0.3173  0.3173
[CTGG (4), CTCAA (0)]
# K =  2  mindist = 0.320,
# min,max dist:  0.3198  0.3198
[CTGG (4), AACAtC (1)]
# K =  2  mindist = 0.546,
# min,max dist:  0.5465  0.5465
[CTGG (4), AACAtC (1)]
# K =  2  mindist = 0.508,
# min,max dist:  0.5076  0.5076
[CTGG (4), AACAtC (1)]
# K =  2  mindist = 0.508,
# min,max dist:  0.5080  0.5080
[CTGG (4), cAGtg. (1)]
# K =  2  mindist = 0.214,
# min,max dist:  0.2141  0.2141
[CTGG (4), caGtg. (1)]
# K =  2  mindist = 0.218,
# min,max dist:  0.2175  0.2175
[CTGG (4), gcCa.AMCAyCGC (1)]
# K =  2  mindist = 0.282,
# min,max dist:  0.2820  0.2820
[CTGG (4), GTGTGA (1)]
# K =  2  mindist = 0.495,
# min,max dist:  0.4950  0.4950
[CTGG (4), tACTAAC (1)]
# K =  2  mindist = 0.495,
# min,max dist:  0.4951  0.4951
[CTGG (4), tACTAAC (1)]
# K =  2  mindist = 0.495,
# min,max dist:  0.4955  0.4955
[CTGG (4), tACTAAC (1)]
# K =  2  mindist = 0.496,
# min,max dist:  0.4960  0.4960
[CTGG (4), tACTAAC (1)]
# K =  2  mindist = 0.497,
# min,max dist:  0.4967  0.4967
[CTGG (4), tACTAAC (1)]
# K =  2  mindist = 0.497,
# min,max dist:  0.4971  0.4971
[CTGG (4), tACTAAC (1)]
# K =  2  mindist = 0.498,
# min,max dist:  0.4977  0.4977
[CTGG (4), tACTAAC (1)]
# K =  2  mindist = 0.498,
# min,max dist:  0.4983  0.4983
[CTGG (4), AAwAArkAAAG (1)]
# K =  2  mindist = 0.495,
# min,max dist:  0.4950  0.4950
[CTGG (4), AAwAArkAAAG (1)]
# K =  2  mindist = 0.496,
# min,max dist:  0.4955  0.4955
[CTGG (4), TAGGgw (1)]
# K =  2  mindist = 0.316,
# min,max dist:  0.3161  0.3161
[CTGG (4), rGAaGrAC (1)]
# K =  2  mindist = 0.537,
# min,max dist:  0.5370  0.5370
[CTGG (4), ACGCGCr (1)]
# K =  2  mindist = 0.484,
# min,max dist:  0.4843  0.4843
[CTGG (4), GTTCSAGkw (1)]
# K =  2  mindist = 0.203,
# min,max dist:  0.2026  0.2026
[CTGG (4), AAAAA (1)]
# K =  2  mindist = 0.660,
# min,max dist:  0.6601  0.6601
[CTGG (4), AAAAA (1)]
# K =  2  mindist = 0.659,
# min,max dist:  0.6587  0.6587
[CTGG (4), AAAAA (1)]
# K =  2  mindist = 0.657,
# min,max dist:  0.6575  0.6575
[CTGG (4), AAAAA (0)]
# K =  2  mindist = 0.656,
# min,max dist:  0.6563  0.6563
[CTGG (4), AAAAA (0)]
# K =  2  mindist = 0.655,
# min,max dist:  0.6551  0.6551
[CTGG (4), AAAAA (0)]
# K =  2  mindist = 0.654,
# min,max dist:  0.6539  0.6539
[CTGG (4), TGTA (1)]
# K =  2  mindist = 0.330,
# min,max dist:  0.3301  0.3301
[CTGG (4), TGTAraTwr.....syssccs (1)]
# K =  2  mindist = 0.330,
# min,max dist:  0.3300  0.3300
[CTGG (4), gTyGGAa (1)]
# K =  2  mindist = 0.306,
# min,max dist:  0.3062  0.3062
[CTGG (4), gy.GrAM (1)]
# K =  2  mindist = 0.343,
# min,max dist:  0.3426  0.3426
[CTGG (4), GGAm (1)]
# K =  2  mindist = 0.644,
# min,max dist:  0.6441  0.6441
[CTGG (4), GGAm (1)]
# K =  2  mindist = 0.643,
# min,max dist:  0.6431  0.6431
[CTGG (4), GGAm (1)]
# K =  2  mindist = 0.642,
# min,max dist:  0.6421  0.6421
[CTGG (4), GGAm (1)]
# K =  2  mindist = 0.641,
# min,max dist:  0.6410  0.6410
[CTGG (4), AAGCACCCGTT (1)]
# K =  2  mindist = 0.345,
# min,max dist:  0.3446  0.3446
[CTGG (4), GCATG (1)]
# K =  2  mindist = 0.371,
# min,max dist:  0.3712  0.3712
[CTGG (4), TGCATG (1)]
# K =  2  mindist = 0.330,
# min,max dist:  0.3300  0.3300
[CTGG (4), TGCATG (1)]
# K =  2  mindist = 0.332,
# min,max dist:  0.3323  0.3323
[CTGG (4), TGCATG (1)]
# K =  2  mindist = 0.335,
# min,max dist:  0.3346  0.3346
[CTGG (4), TGCATG (1)]
# K =  2  mindist = 0.337,
# min,max dist:  0.3370  0.3370
[CTGG (4), TGCATG (1)]
# K =  2  mindist = 0.339,
# min,max dist:  0.3392  0.3392
[CTGG (4), TGCATG (1)]
# K =  2  mindist = 0.342,
# min,max dist:  0.3416  0.3416
[CTGG (4), AGGGA (1)]
# K =  2  mindist = 0.330,
# min,max dist:  0.3300  0.3300
[CTGG (4), AGGGA (1)]
# K =  2  mindist = 0.332,
# min,max dist:  0.3323  0.3323
[CTGG (4), AGGGA (1)]
# K =  2  mindist = 0.335,
# min,max dist:  0.3346  0.3346
[CTGG (4), AGGGA (1)]
# K =  2  mindist = 0.337,
# min,max dist:  0.3370  0.3370
[CTGG (4), AGGGA (1)]
# K =  2  mindist = 0.339,
# min,max dist:  0.3393  0.3393
[CTGG (4), AGGGA (1)]
# K =  2  mindist = 0.342,
# min,max dist:  0.3416  0.3416
[CTGG (4), AGGGA (1)]
# K =  2  mindist = 0.344,
# min,max dist:  0.3439  0.3439
[CTGG (4), AGGGA (1)]
# K =  2  mindist = 0.346,
# min,max dist:  0.3461  0.3461
[CTGG (4), AGGGA (1)]
# K =  2  mindist = 0.348,
# min,max dist:  0.3484  0.3484
[CTGG (4), GGTG (1)]
# K =  2  mindist = 0.330,
# min,max dist:  0.3300  0.3300
[CTGG (4), ATTGCAC. (1)]
# K =  2  mindist = 0.460,
# min,max dist:  0.4601  0.4601
[CTGG (4), ATTGCAC (1)]
# K =  2  mindist = 0.485,
# min,max dist:  0.4846  0.4846
[CTGG (4), ATTGCAC (1)]
# K =  2  mindist = 0.485,
# min,max dist:  0.4846  0.4846
[CTGG (4), yGCT (1)]
# K =  2  mindist = 0.469,
# min,max dist:  0.4686  0.4686
[CTGG (4), yGCT (1)]
# K =  2  mindist = 0.469,
# min,max dist:  0.4691  0.4691
[CTGG (4), GgrGAGTCATysC (1)]
# K =  2  mindist = 0.463,
# min,max dist:  0.4629  0.4629
[CTGG (4), GgrGAGTCATysC (1)]
# K =  2  mindist = 0.464,
# min,max dist:  0.4638  0.4638
[CTGG (4), wssT..scWTCAYmCC (1)]
# K =  2  mindist = 0.455,
# min,max dist:  0.4547  0.4547
[CTGG (4), wssT..scWTCAYmCC (1)]
# K =  2  mindist = 0.456,
# min,max dist:  0.4557  0.4557
[CTGG (4), wssT..scWTCAYmCC (1)]
# K =  2  mindist = 0.457,
# min,max dist:  0.4566  0.4566
[CTGG (4), .t.mTTT.twTTy. (1)]
# K =  2  mindist = 0.582,
# min,max dist:  0.5818  0.5818
[CTGG (4), TTTTATTTw (1)]
# K =  2  mindist = 0.621,
# min,max dist:  0.6207  0.6207
[CTGG (4), WTTYAtTTT (1)]
# K =  2  mindist = 0.627,
# min,max dist:  0.6269  0.6269
[CTGG (4), aGACkACGat (1)]
# K =  2  mindist = 0.445,
# min,max dist:  0.4450  0.4450
[CTGG (4), tGTTCsAGwt (1)]
# K =  2  mindist = 0.126,
[CTGG (4), AGsAs (1)]
# K =  2  mindist = 0.399,
# min,max dist:  0.3993  0.3993
[CTGG (4), GATCAACCaGGCGACAG (1)]
# K =  2  mindist = 0.107,
[CTGG (4), GATCAACCaGGCGACAG (1)]
# K =  2  mindist = 0.112,
[CTGG (4), GATCAACCaGGCGACAG (1)]
# K =  2  mindist = 0.117,
[CTGG (4), GATCAACCaGGCGACAG (1)]
# K =  2  mindist = 0.122,
[CTGG (4), GATCAACCaGGCGACAG (1)]
# K =  2  mindist = 0.126,
[CTGG (4), GaTCAACCaGGCGACaG (1)]
# K =  2  mindist = 0.131,
[CTGG (4), GaTCAACCaGGCGACaG (1)]
# K =  2  mindist = 0.136,
[CTGG (4), CCMk (1)]
# K =  2  mindist = 0.208,
# min,max dist:  0.2080  0.2080
[CTGG (4), GwTWCCwGYTA (1)]
# K =  2  mindist = 0.190,
[CTGG (4), gggtATGCTG (1)]
# K =  2  mindist = 0.075,
[CTGG (4), g.GCAGTAGks (1)]
# K =  2  mindist = 0.248,
# min,max dist:  0.2476  0.2476
[CTGG (4), aGGaGAt (1)]
# K =  2  mindist = 0.341,
# min,max dist:  0.3410  0.3410
[CTGG (4), ACkAAym (1)]
# K =  2  mindist = 0.521,
# min,max dist:  0.5214  0.5214
[CTGG (4), tTATTTAwt (1)]
# K =  2  mindist = 0.645,
# min,max dist:  0.6446  0.6446
[CTGG (4), agGACrrAgC (1)]
# K =  2  mindist = 0.369,
# min,max dist:  0.3689  0.3689
[CTGG (4), AGsAGaGtw (1)]
# K =  2  mindist = 0.406,
# min,max dist:  0.4058  0.4058
[CTGG (4), aCGAgAGAy (1)]
# K =  2  mindist = 0.334,
# min,max dist:  0.3339  0.3339
[CTGG (4), km.TrC (1)]
# K =  2  mindist = 0.534,
# min,max dist:  0.5338  0.5338
[CTGG (4), km.TrC (1)]
# K =  2  mindist = 0.534,
# min,max dist:  0.5340  0.5340
[CTGG (4), km.TrC (1)]
# K =  2  mindist = 0.534,
# min,max dist:  0.5341  0.5341
[CTGG (4), km.TrC (1)]
# K =  2  mindist = 0.534,
# min,max dist:  0.5341  0.5341
[kGTA (4), wTAATTr (1)]
# K =  2  mindist = 0.260,
# min,max dist:  0.2596  0.2596
[kGTA (4), aGACGtw (0)]
# K =  2  mindist = 0.411,
# min,max dist:  0.4112  0.4112
[kGTA (4), tGTGTkk (1)]
# K =  2  mindist = 0.348,
# min,max dist:  0.3479  0.3479
[kGTA (4), AcACA.a (1)]
# K =  2  mindist = 0.257,
# min,max dist:  0.2572  0.2572
[kGTA (4), cwtTTTt (1)]
# K =  2  mindist = 0.566,
# min,max dist:  0.5662  0.5662
[kGTA (4), TAGgtar (1)]
# K =  2  mindist = 0.315,
# min,max dist:  0.3148  0.3148
[kGTA (4), gGACArg (1)]
# K =  2  mindist = 0.363,
# min,max dist:  0.3631  0.3631
[kGTA (4), wGCATGm (1)]
# K =  2  mindist = 0.347,
# min,max dist:  0.3466  0.3466
[kGTA (4), AGAGAam (0)]
# K =  2  mindist = 0.485,
# min,max dist:  0.4851  0.4851
[kGTA (4), gGACrrg (1)]
# K =  2  mindist = 0.393,
# min,max dist:  0.3934  0.3934
[kGTA (4), aGGATrr (0)]
# K =  2  mindist = 0.434,
# min,max dist:  0.4337  0.4337
[kGTA (4), .TAGGGa (1)]
# K =  2  mindist = 0.218,
# min,max dist:  0.2177  0.2177
[kGTA (4), .TAGGgw (1)]
# K =  2  mindist = 0.229,
# min,max dist:  0.2291  0.2291
[kGTA (4), .TAGGGa (1)]
# K =  2  mindist = 0.249,
# min,max dist:  0.2492  0.2492
[kGTA (4), aTTTTTk (1)]
# K =  2  mindist = 0.566,
# min,max dist:  0.5658  0.5658
[kGTA (4), CcAwmcc (0)]
# K =  2  mindist = 0.440,
# min,max dist:  0.4396  0.4396
[kGTA (4), acAcAma (1)]
# K =  2  mindist = 0.320,
# min,max dist:  0.3201  0.3201
[kGTA (4), TTwtTTt (1)]
# K =  2  mindist = 0.464,
# min,max dist:  0.4639  0.4639
[kGTA (4), amAwwCA (1)]
# K =  2  mindist = 0.394,
# min,max dist:  0.3936  0.3936
[kGTA (4), gATAAAc. (1)]
# K =  2  mindist = 0.333,
# min,max dist:  0.3330  0.3330
[kGTA (4), .GGAGaa (1)]
# K =  2  mindist = 0.398,
# min,max dist:  0.3982  0.3982
[kGTA (4), mATCTTg (1)]
# K =  2  mindist = 0.565,
# min,max dist:  0.5655  0.5655
[kGTA (4), .GCTTGc (1)]
# K =  2  mindist = 0.358,
# min,max dist:  0.3576  0.3576
[kGTA (4), TAGtwrg (1)]
# K =  2  mindist = 0.421,
# min,max dist:  0.4211  0.4211
[kGTA (4), aaAAAaa (0)]
# K =  2  mindist = 0.502,
# min,max dist:  0.5021  0.5021
[kGTA (4), ccyycCc (0)]
# K =  2  mindist = 0.385,
# min,max dist:  0.3845  0.3845
[kGTA (4), ssgCGCs (1)]
# K =  2  mindist = 0.599,
# min,max dist:  0.5989  0.5989
[kGTA (4), TGTAcAk (1)]
# K =  2  mindist = 0.128,
[kGTA (4), ACTAAC. (1)]
# K =  2  mindist = 0.334,
# min,max dist:  0.3339  0.3339
[kGTA (4), gwGTAG. (1)]
# K =  2  mindist = 0.144,
[kGTA (4), gatACga (1)]
# K =  2  mindist = 0.295,
# min,max dist:  0.2952  0.2952
[kGTA (4), kKGTGtg (1)]
# K =  2  mindist = 0.325,
# min,max dist:  0.3246  0.3246
[kGTA (4), GCGCGgg (1)]
# K =  2  mindist = 0.490,
# min,max dist:  0.4903  0.4903
[kGTA (4), wTACwTt (1)]
# K =  2  mindist = 0.128,
[kGTA (4), aATsAa. (1)]
# K =  2  mindist = 0.533,
# min,max dist:  0.5326  0.5326
[kGTA (4), gAaGGaa (1)]
# K =  2  mindist = 0.384,
# min,max dist:  0.3839  0.3839
[kGTA (4), gyGCGCg (1)]
# K =  2  mindist = 0.585,
# min,max dist:  0.5848  0.5848
[kGTA (4), aTATAtm (1)]
# K =  2  mindist = 0.234,
# min,max dist:  0.2341  0.2341
[kGTA (4), aCAACrr (1)]
# K =  2  mindist = 0.258,
# min,max dist:  0.2580  0.2580
[kGTA (4), TAAAAg. (1)]
# K =  2  mindist = 0.365,
# min,max dist:  0.3654  0.3654
[kGTA (4), GCkGG.c (1)]
# K =  2  mindist = 0.425,
# min,max dist:  0.4249  0.4249
[kGTA (4), arAAAaa (1)]
# K =  2  mindist = 0.474,
# min,max dist:  0.4743  0.4743
[kGTA (4), gGrwGga (1)]
# K =  2  mindist = 0.411,
# min,max dist:  0.4109  0.4109
[kGTA (4), rwTCAAg (1)]
# K =  2  mindist = 0.529,
# min,max dist:  0.5286  0.5286
[kGTA (4), wTGCACr (1)]
# K =  2  mindist = 0.347,
# min,max dist:  0.3468  0.3468
[kGTA (4), aGGAGwr. (1)]
# K =  2  mindist = 0.423,
# min,max dist:  0.4226  0.4226
[kGTA (4), gaCGACg. (1)]
# K =  2  mindist = 0.416,
# min,max dist:  0.4157  0.4157
[kGTA (4), AgGa.ma (1)]
# K =  2  mindist = 0.473,
# min,max dist:  0.4726  0.4726
[kGTA (4), cgATAct (1)]
# K =  2  mindist = 0.251,
# min,max dist:  0.2506  0.2506
[kGTA (4), .GaATGa. (1)]
# K =  2  mindist = 0.306,
# min,max dist:  0.3059  0.3059
[kGTA (4), tTTTTtk (1)]
# K =  2  mindist = 0.546,
# min,max dist:  0.5460  0.5460
[kGTA (4), tTTTTyc (1)]
# K =  2  mindist = 0.403,
# min,max dist:  0.4029  0.4029
[kGTA (4), tTTTTyy (1)]
# K =  2  mindist = 0.489,
# min,max dist:  0.4895  0.4895
[kGTA (4), TgTTGTg (1)]
# K =  2  mindist = 0.331,
# min,max dist:  0.3315  0.3315
[kGTA (4), AACAtC. (1)]
# K =  2  mindist = 0.409,
# min,max dist:  0.4092  0.4092
[kGTA (4), AACAwC. (1)]
# K =  2  mindist = 0.406,
# min,max dist:  0.4061  0.4061
[kGTA (4), scAGCGc (1)]
# K =  2  mindist = 0.448,
# min,max dist:  0.4483  0.4483
[kGTA (4), gamTTAA. (1)]
# K =  2  mindist = 0.382,
# min,max dist:  0.3817  0.3817
[kGTA (4), ArAGrrr (0)]
# K =  2  mindist = 0.474,
# min,max dist:  0.4737  0.4737
[kGTA (4), AGAGArr (1)]
# K =  2  mindist = 0.487,
# min,max dist:  0.4866  0.4866
[kGTA (4), AGAGAma (1)]
# K =  2  mindist = 0.458,
# min,max dist:  0.4584  0.4584
[kGTA (4), ACACra. (1)]
# K =  2  mindist = 0.185,
[kGTA (4), TGTAcAk (1)]
# K =  2  mindist = 0.130,
[kGTA (4), TGTAyAk (1)]
# K =  2  mindist = 0.135,
[kGTA (4), TGTAmak (1)]
# K =  2  mindist = 0.130,
[kGTA (4), TGTAmak (1)]
# K =  2  mindist = 0.131,
[kGTA (4), TGTAatt (1)]
# K =  2  mindist = 0.139,
[kGTA (4), GrAgGA. (1)]
# K =  2  mindist = 0.352,
# min,max dist:  0.3520  0.3520
[kGTA (4), GGAgGA. (1)]
# K =  2  mindist = 0.315,
# min,max dist:  0.3150  0.3150
[kGTA (4), GGAgGr. (1)]
# K =  2  mindist = 0.358,
# min,max dist:  0.3579  0.3579
[kGTA (4), GGAgGr. (1)]
# K =  2  mindist = 0.357,
# min,max dist:  0.3573  0.3573
[kGTA (4), .AGGAca. (1)]
# K =  2  mindist = 0.388,
# min,max dist:  0.3885  0.3885
[kGTA (4), TTtgTTT (1)]
# K =  2  mindist = 0.428,
# min,max dist:  0.4279  0.4279
[kGTA (4), gCGCGsg (1)]
# K =  2  mindist = 0.548,
# min,max dist:  0.5476  0.5476
[kGTA (4), AACATCa (0)]
# K =  2  mindist = 0.416,
# min,max dist:  0.4161  0.4161
[kGTA (4), TTtgkTt (1)]
# K =  2  mindist = 0.448,
# min,max dist:  0.4483  0.4483
[kGTA (4), aCTAAC. (1)]
# K =  2  mindist = 0.302,
# min,max dist:  0.3018  0.3018
[kGTA (4), gTGKTGT (1)]
# K =  2  mindist = 0.191,
[kGTA (4), .tGCATG. (1)]
# K =  2  mindist = 0.350,
# min,max dist:  0.3500  0.3500
[kGTA (4), kTTTgkg (1)]
# K =  2  mindist = 0.461,
# min,max dist:  0.4605  0.4605
[kGTA (4), aTCAwCg (1)]
# K =  2  mindist = 0.532,
# min,max dist:  0.5323  0.5323
[kGTA (4), agaGtaw. (1)]
# K =  2  mindist = 0.359,
# min,max dist:  0.3586  0.3586
[kGTA (4), TTt.GTT (0)]
# K =  2  mindist = 0.364,
# min,max dist:  0.3640  0.3640
[kGTA (4), GGAgGr. (1)]
# K =  2  mindist = 0.342,
# min,max dist:  0.3418  0.3418
[kGTA (4), tTkrTTT (1)]
# K =  2  mindist = 0.408,
# min,max dist:  0.4079  0.4079
[kGTA (4), gaTCAaga (1)]
# K =  2  mindist = 0.473,
# min,max dist:  0.4734  0.4734
[kGTA (4), .TWGCAC. (1)]
# K =  2  mindist = 0.354,
# min,max dist:  0.3540  0.3540
[kGTA (4), .ACTAAg (0)]
# K =  2  mindist = 0.390,
# min,max dist:  0.3902  0.3902
[kGTA (4), magACAg (1)]
# K =  2  mindist = 0.333,
# min,max dist:  0.3329  0.3329
[kGTA (4), tGGGga. (1)]
# K =  2  mindist = 0.400,
# min,max dist:  0.4004  0.4004
[kGTA (4), aACTAmg (1)]
# K =  2  mindist = 0.319,
# min,max dist:  0.3188  0.3188
[kGTA (4), tATAtAs (0)]
# K =  2  mindist = 0.278,
# min,max dist:  0.2777  0.2777
[kGTA (4), rAAAACm (1)]
# K =  2  mindist = 0.325,
# min,max dist:  0.3253  0.3253
[kGTA (4), sAaGGag (1)]
# K =  2  mindist = 0.500,
# min,max dist:  0.5005  0.5005
[kGTA (4), arAAAaa (1)]
# K =  2  mindist = 0.474,
# min,max dist:  0.4744  0.4744
[kGTA (4), gACAGA. (1)]
# K =  2  mindist = 0.364,
# min,max dist:  0.3635  0.3635
[kGTA (4), ArAAgA. (1)]
# K =  2  mindist = 0.457,
# min,max dist:  0.4571  0.4571
[kGTA (4), .TTTTTT (1)]
# K =  2  mindist = 0.483,
# min,max dist:  0.4834  0.4834
[kGTA (4), TTTTTTg (1)]
# K =  2  mindist = 0.542,
# min,max dist:  0.5419  0.5419
[kGTA (4), gGGaGGg (0)]
# K =  2  mindist = 0.401,
# min,max dist:  0.4011  0.4011
[kGTA (4), aAyGACra (1)]
# K =  2  mindist = 0.410,
# min,max dist:  0.4103  0.4103
[kGTA (4), cggAGGr (1)]
# K =  2  mindist = 0.441,
# min,max dist:  0.4408  0.4408
[kGTA (4), gGrGGAg (1)]
# K =  2  mindist = 0.442,
# min,max dist:  0.4415  0.4415
[kGTA (4), tGTTskt (1)]
# K =  2  mindist = 0.337,
# min,max dist:  0.3369  0.3369
[kGTA (4), tTTTTT. (1)]
# K =  2  mindist = 0.463,
# min,max dist:  0.4626  0.4626
[kGTA (4), tGTGTGt (1)]
# K =  2  mindist = 0.312,
# min,max dist:  0.3125  0.3125
[kGTA (4), aTTTTTk (1)]
# K =  2  mindist = 0.568,
# min,max dist:  0.5682  0.5682
[kGTA (4), wGCATGm (1)]
# K =  2  mindist = 0.348,
# min,max dist:  0.3476  0.3476
[kGTA (4), aTAAAA. (1)]
# K =  2  mindist = 0.337,
# min,max dist:  0.3373  0.3373
[kGTA (4), .ATCCAr (1)]
# K =  2  mindist = 0.375,
# min,max dist:  0.3750  0.3750
[kGTA (4), agAAA.t (1)]
# K =  2  mindist = 0.478,
# min,max dist:  0.4778  0.4778
[kGTA (4), amawwCA (1)]
# K =  2  mindist = 0.349,
# min,max dist:  0.3494  0.3494
[kGTA (4), tATATa. (1)]
# K =  2  mindist = 0.303,
# min,max dist:  0.3028  0.3028
[kGTA (4), TAGtwrg (0)]
# K =  2  mindist = 0.416,
# min,max dist:  0.4157  0.4157
[kGTA (4), gtrgtkk (1)]
# K =  2  mindist = 0.313,
# min,max dist:  0.3126  0.3126
[kGTA (4), aCAcACA (0)]
# K =  2  mindist = 0.268,
# min,max dist:  0.2679  0.2679
[kGTA (4), wGTGTGa (1)]
# K =  2  mindist = 0.364,
# min,max dist:  0.3644  0.3644
[kGTA (4), wGwGTGa (1)]
# K =  2  mindist = 0.359,
# min,max dist:  0.3593  0.3593
[kGTA (4), rATAAAm (1)]
# K =  2  mindist = 0.408,
# min,max dist:  0.4077  0.4077
[kGTA (4), CCwwwCC (0)]
# K =  2  mindist = 0.355,
# min,max dist:  0.3553  0.3553
[kGTA (4), TGTGkkg (1)]
# K =  2  mindist = 0.342,
# min,max dist:  0.3418  0.3418
[kGTA (4), .tTTyCCt (1)]
# K =  2  mindist = 0.385,
# min,max dist:  0.3847  0.3847
[kGTA (4), .CAAAAG (1)]
# K =  2  mindist = 0.388,
# min,max dist:  0.3878  0.3878
[kGTA (4), wwwtTTt (1)]
# K =  2  mindist = 0.541,
# min,max dist:  0.5411  0.5411
[kGTA (4), .wTGGAgt (1)]
# K =  2  mindist = 0.374,
# min,max dist:  0.3736  0.3736
[kGTA (4), cctTtcc. (1)]
# K =  2  mindist = 0.369,
# min,max dist:  0.3689  0.3689
[kGTA (4), gAcGAc. (1)]
# K =  2  mindist = 0.395,
# min,max dist:  0.3953  0.3953
[kGTA (4), waGaTAG (1)]
# K =  2  mindist = 0.353,
# min,max dist:  0.3527  0.3527
[kGTA (4), .twTcCc (1)]
# K =  2  mindist = 0.378,
# min,max dist:  0.3780  0.3780
[kGTA (4), ctTTTyt (1)]
# K =  2  mindist = 0.475,
# min,max dist:  0.4748  0.4748
[kGTA (4), .yTTTct (1)]
# K =  2  mindist = 0.474,
# min,max dist:  0.4744  0.4744
[kGTA (4), TkTgTGT (1)]
# K =  2  mindist = 0.218,
# min,max dist:  0.2179  0.2179
[kGTA (4), .GCATG. (1)]
# K =  2  mindist = 0.362,
# min,max dist:  0.3618  0.3618
[kGTA (4), tTTtTtt (1)]
# K =  2  mindist = 0.501,
# min,max dist:  0.5011  0.5011
[kGTA (4), aGAyAsA. (1)]
# K =  2  mindist = 0.367,
# min,max dist:  0.3671  0.3671
[kGTA (4), GATGAw. (1)]
# K =  2  mindist = 0.535,
# min,max dist:  0.5346  0.5346
[kGTA (4), gATGAw. (1)]
# K =  2  mindist = 0.534,
# min,max dist:  0.5337  0.5337
[kGTA (4), maAAwwg (1)]
# K =  2  mindist = 0.563,
# min,max dist:  0.5627  0.5627
[kGTA (4), .aACTAc. (1)]
# K =  2  mindist = 0.160,
[kGTA (4), gwGTGTg (1)]
# K =  2  mindist = 0.349,
# min,max dist:  0.3495  0.3495
[kGTA (4), gwGTGTg. (1)]
# K =  2  mindist = 0.352,
# min,max dist:  0.3516  0.3516
[kGTA (4), cmAAAtt (1)]
# K =  2  mindist = 0.506,
# min,max dist:  0.5059  0.5059
[kGTA (4), mAAAAag (1)]
# K =  2  mindist = 0.572,
# min,max dist:  0.5717  0.5717
[kGTA (4), .TAATTs (1)]
# K =  2  mindist = 0.162,
[kGTA (4), CcGAAAkCCCGAAGTAgG (1)]
# K =  2  mindist = 0.239,
# min,max dist:  0.2391  0.2391
[kGTA (4), CwCAA (1)]
# K =  2  mindist = 0.537,
# min,max dist:  0.5374  0.5374
[kGTA (4), CTCAA (1)]
# K =  2  mindist = 0.546,
# min,max dist:  0.5461  0.5461
[kGTA (4), CTCAA (0)]
# K =  2  mindist = 0.545,
# min,max dist:  0.5448  0.5448
[kGTA (4), AACAtC (1)]
# K =  2  mindist = 0.420,
# min,max dist:  0.4200  0.4200
[kGTA (4), AACAtC (1)]
# K =  2  mindist = 0.414,
# min,max dist:  0.4141  0.4141
[kGTA (4), AACAtC (1)]
# K =  2  mindist = 0.414,
# min,max dist:  0.4141  0.4141
[kGTA (4), cAGtg. (1)]
# K =  2  mindist = 0.406,
# min,max dist:  0.4056  0.4056
[kGTA (4), caGtg. (1)]
# K =  2  mindist = 0.406,
# min,max dist:  0.4064  0.4064
[kGTA (4), gcCa.AMCAyCGC (1)]
# K =  2  mindist = 0.396,
# min,max dist:  0.3964  0.3964
[kGTA (4), GTGTGA (1)]
# K =  2  mindist = 0.355,
# min,max dist:  0.3547  0.3547
[kGTA (4), tACTAAC (1)]
# K =  2  mindist = 0.258,
# min,max dist:  0.2578  0.2578
[kGTA (4), tACTAAC (1)]
# K =  2  mindist = 0.260,
# min,max dist:  0.2605  0.2605
[kGTA (4), tACTAAC (1)]
# K =  2  mindist = 0.263,
# min,max dist:  0.2630  0.2630
[kGTA (4), tACTAAC (1)]
# K =  2  mindist = 0.266,
# min,max dist:  0.2656  0.2656
[kGTA (4), tACTAAC (1)]
# K =  2  mindist = 0.268,
# min,max dist:  0.2682  0.2682
[kGTA (4), tACTAAC (1)]
# K =  2  mindist = 0.271,
# min,max dist:  0.2706  0.2706
[kGTA (4), tACTAAC (1)]
# K =  2  mindist = 0.273,
# min,max dist:  0.2732  0.2732
[kGTA (4), AAwAArkAAAG (1)]
# K =  2  mindist = 0.449,
# min,max dist:  0.4490  0.4490
[kGTA (4), AAwAArkAAAG (1)]
# K =  2  mindist = 0.449,
# min,max dist:  0.4490  0.4490
[kGTA (4), TAGGgw (1)]
# K =  2  mindist = 0.403,
# min,max dist:  0.4033  0.4033
[kGTA (4), rGAaGrAC (1)]
# K =  2  mindist = 0.402,
# min,max dist:  0.4016  0.4016
[kGTA (4), ACGCGCr (1)]
# K =  2  mindist = 0.333,
# min,max dist:  0.3334  0.3334
[kGTA (4), GTTCSAGkw (1)]
# K =  2  mindist = 0.352,
# min,max dist:  0.3519  0.3519
[kGTA (4), AAAAA (1)]
# K =  2  mindist = 0.495,
# min,max dist:  0.4950  0.4950
[kGTA (4), AAAAA (1)]
# K =  2  mindist = 0.494,
# min,max dist:  0.4937  0.4937
[kGTA (4), AAAAA (1)]
# K =  2  mindist = 0.492,
# min,max dist:  0.4925  0.4925
[kGTA (4), AAAAA (0)]
# K =  2  mindist = 0.491,
# min,max dist:  0.4913  0.4913
[kGTA (4), AAAAA (0)]
# K =  2  mindist = 0.490,
# min,max dist:  0.4901  0.4901
[kGTA (4), AAAAA (0)]
# K =  2  mindist = 0.489,
# min,max dist:  0.4889  0.4889
[kGTA (4), TGTA (1)]
# K =  2  mindist = 0.124,
[kGTA (4), TGTAraTwr.....syssccs (1)]
# K =  2  mindist = 0.124,
[kGTA (4), gTyGGAa (1)]
# K =  2  mindist = 0.377,
# min,max dist:  0.3772  0.3772
[kGTA (4), gy.GrAM (1)]
# K =  2  mindist = 0.277,
# min,max dist:  0.2769  0.2769
[kGTA (4), GGAm (1)]
# K =  2  mindist = 0.365,
# min,max dist:  0.3647  0.3647
[kGTA (4), GGAm (1)]
# K =  2  mindist = 0.366,
# min,max dist:  0.3663  0.3663
[kGTA (4), GGAm (1)]
# K =  2  mindist = 0.368,
# min,max dist:  0.3680  0.3680
[kGTA (4), GGAm (1)]
# K =  2  mindist = 0.370,
# min,max dist:  0.3698  0.3698
[kGTA (4), AAGCACCCGTT (1)]
# K =  2  mindist = 0.417,
# min,max dist:  0.4166  0.4166
[kGTA (4), GCATG (1)]
# K =  2  mindist = 0.330,
# min,max dist:  0.3300  0.3300
[kGTA (4), TGCATG (1)]
# K =  2  mindist = 0.366,
# min,max dist:  0.3664  0.3664
[kGTA (4), TGCATG (1)]
# K =  2  mindist = 0.367,
# min,max dist:  0.3669  0.3669
[kGTA (4), TGCATG (1)]
# K =  2  mindist = 0.368,
# min,max dist:  0.3676  0.3676
[kGTA (4), TGCATG (1)]
# K =  2  mindist = 0.368,
# min,max dist:  0.3683  0.3683
[kGTA (4), TGCATG (1)]
# K =  2  mindist = 0.369,
# min,max dist:  0.3689  0.3689
[kGTA (4), TGCATG (1)]
# K =  2  mindist = 0.370,
# min,max dist:  0.3696  0.3696
[kGTA (4), AGGGA (1)]
# K =  2  mindist = 0.397,
# min,max dist:  0.3969  0.3969
[kGTA (4), AGGGA (1)]
# K =  2  mindist = 0.397,
# min,max dist:  0.3969  0.3969
[kGTA (4), AGGGA (1)]
# K =  2  mindist = 0.397,
# min,max dist:  0.3969  0.3969
[kGTA (4), AGGGA (1)]
# K =  2  mindist = 0.397,
# min,max dist:  0.3971  0.3971
[kGTA (4), AGGGA (1)]
# K =  2  mindist = 0.397,
# min,max dist:  0.3972  0.3972
[kGTA (4), AGGGA (1)]
# K =  2  mindist = 0.397,
# min,max dist:  0.3973  0.3973
[kGTA (4), AGGGA (1)]
# K =  2  mindist = 0.398,
# min,max dist:  0.3975  0.3975
[kGTA (4), AGGGA (1)]
# K =  2  mindist = 0.398,
# min,max dist:  0.3977  0.3977
[kGTA (4), AGGGA (1)]
# K =  2  mindist = 0.398,
# min,max dist:  0.3980  0.3980
[kGTA (4), GGTG (1)]
# K =  2  mindist = 0.371,
# min,max dist:  0.3713  0.3713
[kGTA (4), ATTGCAC. (1)]
# K =  2  mindist = 0.353,
# min,max dist:  0.3532  0.3532
[kGTA (4), ATTGCAC (1)]
# K =  2  mindist = 0.330,
# min,max dist:  0.3301  0.3301
[kGTA (4), ATTGCAC (1)]
# K =  2  mindist = 0.330,
# min,max dist:  0.3300  0.3300
[kGTA (4), yGCT (1)]
# K =  2  mindist = 0.526,
# min,max dist:  0.5260  0.5260
[kGTA (4), yGCT (1)]
# K =  2  mindist = 0.525,
# min,max dist:  0.5253  0.5253
[kGTA (4), GgrGAGTCATysC (1)]
# K =  2  mindist = 0.367,
# min,max dist:  0.3668  0.3668
[kGTA (4), GgrGAGTCATysC (1)]
# K =  2  mindist = 0.368,
# min,max dist:  0.3677  0.3677
[kGTA (4), wssT..scWTCAYmCC (1)]
# K =  2  mindist = 0.365,
# min,max dist:  0.3650  0.3650
[kGTA (4), wssT..scWTCAYmCC (1)]
# K =  2  mindist = 0.366,
# min,max dist:  0.3658  0.3658
[kGTA (4), wssT..scWTCAYmCC (1)]
# K =  2  mindist = 0.367,
# min,max dist:  0.3666  0.3666
[kGTA (4), .t.mTTT.twTTy. (1)]
# K =  2  mindist = 0.466,
# min,max dist:  0.4658  0.4658
[kGTA (4), TTTTATTTw (1)]
# K =  2  mindist = 0.412,
# min,max dist:  0.4116  0.4116
[kGTA (4), WTTYAtTTT (1)]
# K =  2  mindist = 0.477,
# min,max dist:  0.4771  0.4771
[kGTA (4), aGACkACGat (1)]
# K =  2  mindist = 0.347,
# min,max dist:  0.3473  0.3473
[kGTA (4), tGTTCsAGwt (1)]
# K =  2  mindist = 0.322,
# min,max dist:  0.3218  0.3218
[kGTA (4), AGsAs (1)]
# K =  2  mindist = 0.442,
# min,max dist:  0.4417  0.4417
[kGTA (4), GATCAACCaGGCGACAG (1)]
# K =  2  mindist = 0.309,
# min,max dist:  0.3094  0.3094
[kGTA (4), GATCAACCaGGCGACAG (1)]
# K =  2  mindist = 0.311,
# min,max dist:  0.3105  0.3105
[kGTA (4), GATCAACCaGGCGACAG (1)]
# K =  2  mindist = 0.312,
# min,max dist:  0.3117  0.3117
[kGTA (4), GATCAACCaGGCGACAG (1)]
# K =  2  mindist = 0.313,
# min,max dist:  0.3129  0.3129
[kGTA (4), GATCAACCaGGCGACAG (1)]
# K =  2  mindist = 0.314,
# min,max dist:  0.3141  0.3141
[kGTA (4), GaTCAACCaGGCGACaG (1)]
# K =  2  mindist = 0.315,
# min,max dist:  0.3152  0.3152
[kGTA (4), GaTCAACCaGGCGACaG (1)]
# K =  2  mindist = 0.316,
# min,max dist:  0.3165  0.3165
[kGTA (4), CCMk (1)]
# K =  2  mindist = 0.385,
# min,max dist:  0.3850  0.3850
[kGTA (4), GwTWCCwGYTA (1)]
# K =  2  mindist = 0.326,
# min,max dist:  0.3255  0.3255
[kGTA (4), gggtATGCTG (1)]
# K =  2  mindist = 0.261,
# min,max dist:  0.2608  0.2608
[kGTA (4), g.GCAGTAGks (1)]
# K =  2  mindist = 0.233,
# min,max dist:  0.2335  0.2335
[kGTA (4), aGGaGAt (1)]
# K =  2  mindist = 0.483,
# min,max dist:  0.4829  0.4829
[kGTA (4), ACkAAym (1)]
# K =  2  mindist = 0.222,
# min,max dist:  0.2221  0.2221
[kGTA (4), tTATTTAwt (1)]
# K =  2  mindist = 0.352,
# min,max dist:  0.3516  0.3516
[kGTA (4), agGACrrAgC (1)]
# K =  2  mindist = 0.374,
# min,max dist:  0.3740  0.3740
[kGTA (4), AGsAGaGtw (1)]
# K =  2  mindist = 0.409,
# min,max dist:  0.4091  0.4091
[kGTA (4), aCGAgAGAy (1)]
# K =  2  mindist = 0.394,
# min,max dist:  0.3936  0.3936
[kGTA (4), km.TrC (1)]
# K =  2  mindist = 0.235,
# min,max dist:  0.2352  0.2352
[kGTA (4), km.TrC (1)]
# K =  2  mindist = 0.238,
# min,max dist:  0.2384  0.2384
[kGTA (4), km.TrC (1)]
# K =  2  mindist = 0.242,
# min,max dist:  0.2416  0.2416
[kGTA (4), km.TrC (1)]
# K =  2  mindist = 0.244,
# min,max dist:  0.2445  0.2445
[wCAk (4), wTAATTr (1)]
# K =  2  mindist = 0.434,
# min,max dist:  0.4335  0.4335
[wCAk (4), aGACGtw (0)]
# K =  2  mindist = 0.428,
# min,max dist:  0.4279  0.4279
[wCAk (4), tGTGTkk (1)]
# K =  2  mindist = 0.321,
# min,max dist:  0.3211  0.3211
[wCAk (4), AcACA.a (1)]
# K =  2  mindist = 0.247,
# min,max dist:  0.2467  0.2467
[wCAk (4), cwtTTTt (1)]
# K =  2  mindist = 0.406,
# min,max dist:  0.4064  0.4064
[wCAk (4), TAGgtar (1)]
# K =  2  mindist = 0.477,
# min,max dist:  0.4773  0.4773
[wCAk (4), gGACArg (1)]
# K =  2  mindist = 0.299,
# min,max dist:  0.2995  0.2995
[wCAk (4), wGCATGm (1)]
# K =  2  mindist = 0.227,
# min,max dist:  0.2270  0.2270
[wCAk (4), AGAGAam (0)]
# K =  2  mindist = 0.446,
# min,max dist:  0.4464  0.4464
[wCAk (4), gGACrrg (1)]
# K =  2  mindist = 0.390,
# min,max dist:  0.3899  0.3899
[wCAk (4), aGGATrr (0)]
# K =  2  mindist = 0.324,
# min,max dist:  0.3242  0.3242
[wCAk (4), .TAGGGa (1)]
# K =  2  mindist = 0.435,
# min,max dist:  0.4354  0.4354
[wCAk (4), .TAGGgw (1)]
# K =  2  mindist = 0.441,
# min,max dist:  0.4413  0.4413
[wCAk (4), .TAGGGa (1)]
# K =  2  mindist = 0.419,
# min,max dist:  0.4187  0.4187
[wCAk (4), aTTTTTk (1)]
# K =  2  mindist = 0.434,
# min,max dist:  0.4341  0.4341
[wCAk (4), CcAwmcc (0)]
# K =  2  mindist = 0.397,
# min,max dist:  0.3968  0.3968
[wCAk (4), acAcAma (1)]
# K =  2  mindist = 0.308,
# min,max dist:  0.3085  0.3085
[wCAk (4), TTwtTTt (1)]
# K =  2  mindist = 0.397,
# min,max dist:  0.3975  0.3975
[wCAk (4), amAwwCA (1)]
# K =  2  mindist = 0.118,
[wCAk (4), gATAAAc. (1)]
# K =  2  mindist = 0.411,
# min,max dist:  0.4113  0.4113
[wCAk (4), .GGAGaa (1)]
# K =  2  mindist = 0.413,
# min,max dist:  0.4133  0.4133
[wCAk (4), mATCTTg (1)]
# K =  2  mindist = 0.367,
# min,max dist:  0.3675  0.3675
[wCAk (4), .GCTTGc (1)]
# K =  2  mindist = 0.426,
# min,max dist:  0.4259  0.4259
[wCAk (4), TAGtwrg (1)]
# K =  2  mindist = 0.460,
# min,max dist:  0.4600  0.4600
[wCAk (4), aaAAAaa (0)]
# K =  2  mindist = 0.515,
# min,max dist:  0.5152  0.5152
[wCAk (4), ccyycCc (0)]
# K =  2  mindist = 0.480,
# min,max dist:  0.4797  0.4797
[wCAk (4), ssgCGCs (1)]
# K =  2  mindist = 0.562,
# min,max dist:  0.5615  0.5615
[wCAk (4), TGTAcAk (1)]
# K =  2  mindist = 0.170,
[wCAk (4), ACTAAC. (1)]
# K =  2  mindist = 0.372,
# min,max dist:  0.3722  0.3722
[wCAk (4), gwGTAG. (1)]
# K =  2  mindist = 0.431,
# min,max dist:  0.4307  0.4307
[wCAk (4), gatACga (1)]
# K =  2  mindist = 0.438,
# min,max dist:  0.4382  0.4382
[wCAk (4), kKGTGtg (1)]
# K =  2  mindist = 0.339,
# min,max dist:  0.3391  0.3391
[wCAk (4), GCGCGgg (1)]
# K =  2  mindist = 0.557,
# min,max dist:  0.5569  0.5569
[wCAk (4), wTACwTt (1)]
# K =  2  mindist = 0.345,
# min,max dist:  0.3451  0.3451
[wCAk (4), aATsAa. (1)]
# K =  2  mindist = 0.354,
# min,max dist:  0.3545  0.3545
[wCAk (4), gAaGGaa (1)]
# K =  2  mindist = 0.398,
# min,max dist:  0.3976  0.3976
[wCAk (4), gyGCGCg (1)]
# K =  2  mindist = 0.528,
# min,max dist:  0.5285  0.5285
[wCAk (4), aTATAtm (1)]
# K =  2  mindist = 0.424,
# min,max dist:  0.4239  0.4239
[wCAk (4), aCAACrr (1)]
# K =  2  mindist = 0.279,
# min,max dist:  0.2786  0.2786
[wCAk (4), TAAAAg. (1)]
# K =  2  mindist = 0.459,
# min,max dist:  0.4594  0.4594
[wCAk (4), GCkGG.c (1)]
# K =  2  mindist = 0.419,
# min,max dist:  0.4189  0.4189
[wCAk (4), arAAAaa (1)]
# K =  2  mindist = 0.490,
# min,max dist:  0.4902  0.4902
[wCAk (4), gGrwGga (1)]
# K =  2  mindist = 0.429,
# min,max dist:  0.4289  0.4289
[wCAk (4), rwTCAAg (1)]
# K =  2  mindist = 0.340,
# min,max dist:  0.3399  0.3399
[wCAk (4), wTGCACr (1)]
# K =  2  mindist = 0.274,
# min,max dist:  0.2740  0.2740
[wCAk (4), aGGAGwr. (1)]
# K =  2  mindist = 0.417,
# min,max dist:  0.4173  0.4173
[wCAk (4), gaCGACg. (1)]
# K =  2  mindist = 0.414,
# min,max dist:  0.4138  0.4138
[wCAk (4), AgGa.ma (1)]
# K =  2  mindist = 0.371,
# min,max dist:  0.3713  0.3713
[wCAk (4), cgATAct (1)]
# K =  2  mindist = 0.463,
# min,max dist:  0.4627  0.4627
[wCAk (4), .GaATGa. (1)]
# K =  2  mindist = 0.202,
# min,max dist:  0.2018  0.2018
[wCAk (4), tTTTTtk (1)]
# K =  2  mindist = 0.517,
# min,max dist:  0.5168  0.5168
[wCAk (4), tTTTTyc (1)]
# K =  2  mindist = 0.519,
# min,max dist:  0.5194  0.5194
[wCAk (4), tTTTTyy (1)]
# K =  2  mindist = 0.521,
# min,max dist:  0.5213  0.5213
[wCAk (4), TgTTGTg (1)]
# K =  2  mindist = 0.281,
# min,max dist:  0.2815  0.2815
[wCAk (4), AACAtC. (1)]
# K =  2  mindist = 0.219,
# min,max dist:  0.2186  0.2186
[wCAk (4), AACAwC. (1)]
# K =  2  mindist = 0.226,
# min,max dist:  0.2259  0.2259
[wCAk (4), scAGCGc (1)]
# K =  2  mindist = 0.392,
# min,max dist:  0.3922  0.3922
[wCAk (4), gamTTAA. (1)]
# K =  2  mindist = 0.417,
# min,max dist:  0.4170  0.4170
[wCAk (4), ArAGrrr (0)]
# K =  2  mindist = 0.463,
# min,max dist:  0.4635  0.4635
[wCAk (4), AGAGArr (1)]
# K =  2  mindist = 0.450,
# min,max dist:  0.4495  0.4495
[wCAk (4), AGAGAma (1)]
# K =  2  mindist = 0.470,
# min,max dist:  0.4699  0.4699
[wCAk (4), ACACra. (1)]
# K =  2  mindist = 0.329,
# min,max dist:  0.3293  0.3293
[wCAk (4), TGTAcAk (1)]
# K =  2  mindist = 0.169,
[wCAk (4), TGTAyAk (1)]
# K =  2  mindist = 0.173,
[wCAk (4), TGTAmak (1)]
# K =  2  mindist = 0.170,
[wCAk (4), TGTAmak (1)]
# K =  2  mindist = 0.170,
[wCAk (4), TGTAatt (1)]
# K =  2  mindist = 0.202,
# min,max dist:  0.2016  0.2016
[wCAk (4), GrAgGA. (1)]
# K =  2  mindist = 0.425,
# min,max dist:  0.4253  0.4253
[wCAk (4), GGAgGA. (1)]
# K =  2  mindist = 0.434,
# min,max dist:  0.4341  0.4341
[wCAk (4), GGAgGr. (1)]
# K =  2  mindist = 0.436,
# min,max dist:  0.4358  0.4358
[wCAk (4), GGAgGr. (1)]
# K =  2  mindist = 0.436,
# min,max dist:  0.4359  0.4359
[wCAk (4), .AGGAca. (1)]
# K =  2  mindist = 0.350,
# min,max dist:  0.3498  0.3498
[wCAk (4), TTtgTTT (1)]
# K =  2  mindist = 0.408,
# min,max dist:  0.4082  0.4082
[wCAk (4), gCGCGsg (1)]
# K =  2  mindist = 0.563,
# min,max dist:  0.5633  0.5633
[wCAk (4), AACATCa (0)]
# K =  2  mindist = 0.220,
# min,max dist:  0.2200  0.2200
[wCAk (4), TTtgkTt (1)]
# K =  2  mindist = 0.433,
# min,max dist:  0.4325  0.4325
[wCAk (4), aCTAAC. (1)]
# K =  2  mindist = 0.322,
# min,max dist:  0.3220  0.3220
[wCAk (4), gTGKTGT (1)]
# K =  2  mindist = 0.307,
# min,max dist:  0.3067  0.3067
[wCAk (4), .tGCATG. (1)]
# K =  2  mindist = 0.245,
# min,max dist:  0.2450  0.2450
[wCAk (4), kTTTgkg (1)]
# K =  2  mindist = 0.408,
# min,max dist:  0.4076  0.4076
[wCAk (4), aTCAwCg (1)]
# K =  2  mindist = 0.186,
[wCAk (4), agaGtaw. (1)]
# K =  2  mindist = 0.379,
# min,max dist:  0.3792  0.3792
[wCAk (4), TTt.GTT (0)]
# K =  2  mindist = 0.430,
# min,max dist:  0.4300  0.4300
[wCAk (4), GGAgGr. (1)]
# K =  2  mindist = 0.475,
# min,max dist:  0.4745  0.4745
[wCAk (4), tTkrTTT (1)]
# K =  2  mindist = 0.385,
# min,max dist:  0.3853  0.3853
[wCAk (4), gaTCAaga (1)]
# K =  2  mindist = 0.273,
# min,max dist:  0.2734  0.2734
[wCAk (4), .TWGCAC. (1)]
# K =  2  mindist = 0.344,
# min,max dist:  0.3436  0.3436
[wCAk (4), .ACTAAg (0)]
# K =  2  mindist = 0.457,
# min,max dist:  0.4573  0.4573
[wCAk (4), magACAg (1)]
# K =  2  mindist = 0.274,
# min,max dist:  0.2739  0.2739
[wCAk (4), tGGGga. (1)]
# K =  2  mindist = 0.375,
# min,max dist:  0.3749  0.3749
[wCAk (4), aACTAmg (1)]
# K =  2  mindist = 0.454,
# min,max dist:  0.4539  0.4539
[wCAk (4), tATAtAs (0)]
# K =  2  mindist = 0.422,
# min,max dist:  0.4219  0.4219
[wCAk (4), rAAAACm (1)]
# K =  2  mindist = 0.417,
# min,max dist:  0.4166  0.4166
[wCAk (4), sAaGGag (1)]
# K =  2  mindist = 0.428,
# min,max dist:  0.4283  0.4283
[wCAk (4), arAAAaa (1)]
# K =  2  mindist = 0.490,
# min,max dist:  0.4903  0.4903
[wCAk (4), gACAGA. (1)]
# K =  2  mindist = 0.251,
# min,max dist:  0.2510  0.2510
[wCAk (4), ArAAgA. (1)]
# K =  2  mindist = 0.423,
# min,max dist:  0.4226  0.4226
[wCAk (4), .TTTTTT (1)]
# K =  2  mindist = 0.481,
# min,max dist:  0.4813  0.4813
[wCAk (4), TTTTTTg (1)]
# K =  2  mindist = 0.459,
# min,max dist:  0.4588  0.4588
[wCAk (4), gGGaGGg (0)]
# K =  2  mindist = 0.472,
# min,max dist:  0.4724  0.4724
[wCAk (4), aAyGACra (1)]
# K =  2  mindist = 0.320,
# min,max dist:  0.3199  0.3199
[wCAk (4), cggAGGr (1)]
# K =  2  mindist = 0.442,
# min,max dist:  0.4420  0.4420
[wCAk (4), gGrGGAg (1)]
# K =  2  mindist = 0.444,
# min,max dist:  0.4442  0.4442
[wCAk (4), tGTTskt (1)]
# K =  2  mindist = 0.317,
# min,max dist:  0.3168  0.3168
[wCAk (4), tTTTTT. (1)]
# K =  2  mindist = 0.494,
# min,max dist:  0.4940  0.4940
[wCAk (4), tGTGTGt (1)]
# K =  2  mindist = 0.263,
# min,max dist:  0.2627  0.2627
[wCAk (4), aTTTTTk (1)]
# K =  2  mindist = 0.437,
# min,max dist:  0.4371  0.4371
[wCAk (4), wGCATGm (1)]
# K =  2  mindist = 0.242,
# min,max dist:  0.2422  0.2422
[wCAk (4), aTAAAA. (1)]
# K =  2  mindist = 0.458,
# min,max dist:  0.4576  0.4576
[wCAk (4), .ATCCAr (1)]
# K =  2  mindist = 0.314,
# min,max dist:  0.3135  0.3135
[wCAk (4), agAAA.t (1)]
# K =  2  mindist = 0.476,
# min,max dist:  0.4761  0.4761
[wCAk (4), amawwCA (1)]
# K =  2  mindist = 0.168,
[wCAk (4), tATATa. (1)]
# K =  2  mindist = 0.425,
# min,max dist:  0.4246  0.4246
[wCAk (4), TAGtwrg (0)]
# K =  2  mindist = 0.464,
# min,max dist:  0.4642  0.4642
[wCAk (4), gtrgtkk (1)]
# K =  2  mindist = 0.388,
# min,max dist:  0.3878  0.3878
[wCAk (4), aCAcACA (0)]
# K =  2  mindist = 0.155,
[wCAk (4), wGTGTGa (1)]
# K =  2  mindist = 0.258,
# min,max dist:  0.2581  0.2581
[wCAk (4), wGwGTGa (1)]
# K =  2  mindist = 0.259,
# min,max dist:  0.2593  0.2593
[wCAk (4), rATAAAm (1)]
# K =  2  mindist = 0.442,
# min,max dist:  0.4415  0.4415
[wCAk (4), CCwwwCC (0)]
# K =  2  mindist = 0.389,
# min,max dist:  0.3887  0.3887
[wCAk (4), TGTGkkg (1)]
# K =  2  mindist = 0.216,
# min,max dist:  0.2162  0.2162
[wCAk (4), .tTTyCCt (1)]
# K =  2  mindist = 0.420,
# min,max dist:  0.4201  0.4201
[wCAk (4), .CAAAAG (1)]
# K =  2  mindist = 0.308,
# min,max dist:  0.3084  0.3084
[wCAk (4), wwwtTTt (1)]
# K =  2  mindist = 0.474,
# min,max dist:  0.4739  0.4739
[wCAk (4), .wTGGAgt (1)]
# K =  2  mindist = 0.309,
# min,max dist:  0.3093  0.3093
[wCAk (4), cctTtcc. (1)]
# K =  2  mindist = 0.454,
# min,max dist:  0.4537  0.4537
[wCAk (4), gAcGAc. (1)]
# K =  2  mindist = 0.383,
# min,max dist:  0.3827  0.3827
[wCAk (4), waGaTAG (1)]
# K =  2  mindist = 0.426,
# min,max dist:  0.4257  0.4257
[wCAk (4), .twTcCc (1)]
# K =  2  mindist = 0.428,
# min,max dist:  0.4276  0.4276
[wCAk (4), ctTTTyt (1)]
# K =  2  mindist = 0.476,
# min,max dist:  0.4758  0.4758
[wCAk (4), .yTTTct (1)]
# K =  2  mindist = 0.437,
# min,max dist:  0.4371  0.4371
[wCAk (4), TkTgTGT (1)]
# K =  2  mindist = 0.301,
# min,max dist:  0.3006  0.3006
[wCAk (4), .GCATG. (1)]
# K =  2  mindist = 0.243,
# min,max dist:  0.2430  0.2430
[wCAk (4), tTTtTtt (1)]
# K =  2  mindist = 0.502,
# min,max dist:  0.5016  0.5016
[wCAk (4), aGAyAsA. (1)]
# K =  2  mindist = 0.262,
# min,max dist:  0.2623  0.2623
[wCAk (4), GATGAw. (1)]
# K =  2  mindist = 0.273,
# min,max dist:  0.2727  0.2727
[wCAk (4), gATGAw. (1)]
# K =  2  mindist = 0.264,
# min,max dist:  0.2635  0.2635
[wCAk (4), maAAwwg (1)]
# K =  2  mindist = 0.437,
# min,max dist:  0.4371  0.4371
[wCAk (4), .aACTAc. (1)]
# K =  2  mindist = 0.396,
# min,max dist:  0.3958  0.3958
[wCAk (4), gwGTGTg (1)]
# K =  2  mindist = 0.346,
# min,max dist:  0.3458  0.3458
[wCAk (4), gwGTGTg. (1)]
# K =  2  mindist = 0.317,
# min,max dist:  0.3166  0.3166
[wCAk (4), cmAAAtt (1)]
# K =  2  mindist = 0.437,
# min,max dist:  0.4373  0.4373
[wCAk (4), mAAAAag (1)]
# K =  2  mindist = 0.447,
# min,max dist:  0.4467  0.4467
[wCAk (4), .TAATTs (1)]
# K =  2  mindist = 0.426,
# min,max dist:  0.4260  0.4260
[wCAk (4), CcGAAAkCCCGAAGTAgG (1)]
# K =  2  mindist = 0.387,
# min,max dist:  0.3869  0.3869
[wCAk (4), CwCAA (1)]
# K =  2  mindist = 0.257,
# min,max dist:  0.2571  0.2571
[wCAk (4), CTCAA (1)]
# K =  2  mindist = 0.312,
# min,max dist:  0.3120  0.3120
[wCAk (4), CTCAA (0)]
# K =  2  mindist = 0.312,
# min,max dist:  0.3124  0.3124
[wCAk (4), AACAtC (1)]
# K =  2  mindist = 0.304,
# min,max dist:  0.3037  0.3037
[wCAk (4), AACAtC (1)]
# K =  2  mindist = 0.269,
# min,max dist:  0.2687  0.2687
[wCAk (4), AACAtC (1)]
# K =  2  mindist = 0.269,
# min,max dist:  0.2693  0.2693
[wCAk (4), cAGtg. (1)]
# K =  2  mindist = 0.297,
# min,max dist:  0.2970  0.2970
[wCAk (4), caGtg. (1)]
# K =  2  mindist = 0.298,
# min,max dist:  0.2980  0.2980
[wCAk (4), gcCa.AMCAyCGC (1)]
# K =  2  mindist = 0.273,
# min,max dist:  0.2725  0.2725
[wCAk (4), GTGTGA (1)]
# K =  2  mindist = 0.338,
# min,max dist:  0.3382  0.3382
[wCAk (4), tACTAAC (1)]
# K =  2  mindist = 0.495,
# min,max dist:  0.4950  0.4950
[wCAk (4), tACTAAC (1)]
# K =  2  mindist = 0.493,
# min,max dist:  0.4928  0.4928
[wCAk (4), tACTAAC (1)]
# K =  2  mindist = 0.491,
# min,max dist:  0.4907  0.4907
[wCAk (4), tACTAAC (1)]
# K =  2  mindist = 0.489,
# min,max dist:  0.4886  0.4886
[wCAk (4), tACTAAC (1)]
# K =  2  mindist = 0.487,
# min,max dist:  0.4865  0.4865
[wCAk (4), tACTAAC (1)]
# K =  2  mindist = 0.485,
# min,max dist:  0.4845  0.4845
[wCAk (4), tACTAAC (1)]
# K =  2  mindist = 0.482,
# min,max dist:  0.4825  0.4825
[wCAk (4), AAwAArkAAAG (1)]
# K =  2  mindist = 0.428,
# min,max dist:  0.4282  0.4282
[wCAk (4), AAwAArkAAAG (1)]
# K =  2  mindist = 0.428,
# min,max dist:  0.4280  0.4280
[wCAk (4), TAGGgw (1)]
# K =  2  mindist = 0.481,
# min,max dist:  0.4810  0.4810
[wCAk (4), rGAaGrAC (1)]
# K =  2  mindist = 0.408,
# min,max dist:  0.4077  0.4077
[wCAk (4), ACGCGCr (1)]
# K =  2  mindist = 0.425,
# min,max dist:  0.4248  0.4248
[wCAk (4), GTTCSAGkw (1)]
# K =  2  mindist = 0.496,
# min,max dist:  0.4963  0.4963
[wCAk (4), AAAAA (1)]
# K =  2  mindist = 0.495,
# min,max dist:  0.4951  0.4951
[wCAk (4), AAAAA (1)]
# K =  2  mindist = 0.494,
# min,max dist:  0.4937  0.4937
[wCAk (4), AAAAA (1)]
# K =  2  mindist = 0.492,
# min,max dist:  0.4925  0.4925
[wCAk (4), AAAAA (0)]
# K =  2  mindist = 0.491,
# min,max dist:  0.4913  0.4913
[wCAk (4), AAAAA (0)]
# K =  2  mindist = 0.490,
# min,max dist:  0.4901  0.4901
[wCAk (4), AAAAA (0)]
# K =  2  mindist = 0.489,
# min,max dist:  0.4889  0.4889
[wCAk (4), TGTA (1)]
# K =  2  mindist = 0.165,
[wCAk (4), TGTAraTwr.....syssccs (1)]
# K =  2  mindist = 0.165,
[wCAk (4), gTyGGAa (1)]
# K =  2  mindist = 0.462,
# min,max dist:  0.4623  0.4623
[wCAk (4), gy.GrAM (1)]
# K =  2  mindist = 0.396,
# min,max dist:  0.3962  0.3962
[wCAk (4), GGAm (1)]
# K =  2  mindist = 0.479,
# min,max dist:  0.4791  0.4791
[wCAk (4), GGAm (1)]
# K =  2  mindist = 0.478,
# min,max dist:  0.4780  0.4780
[wCAk (4), GGAm (1)]
# K =  2  mindist = 0.477,
# min,max dist:  0.4771  0.4771
[wCAk (4), GGAm (1)]
# K =  2  mindist = 0.476,
# min,max dist:  0.4760  0.4760
[wCAk (4), AAGCACCCGTT (1)]
# K =  2  mindist = 0.378,
# min,max dist:  0.3781  0.3781
[wCAk (4), GCATG (1)]
# K =  2  mindist = 0.206,
# min,max dist:  0.2063  0.2063
[wCAk (4), TGCATG (1)]
# K =  2  mindist = 0.165,
[wCAk (4), TGCATG (1)]
# K =  2  mindist = 0.167,
[wCAk (4), TGCATG (1)]
# K =  2  mindist = 0.170,
[wCAk (4), TGCATG (1)]
# K =  2  mindist = 0.172,
[wCAk (4), TGCATG (1)]
# K =  2  mindist = 0.174,
[wCAk (4), TGCATG (1)]
# K =  2  mindist = 0.177,
[wCAk (4), AGGGA (1)]
# K =  2  mindist = 0.560,
# min,max dist:  0.5600  0.5600
[wCAk (4), AGGGA (1)]
# K =  2  mindist = 0.558,
# min,max dist:  0.5579  0.5579
[wCAk (4), AGGGA (1)]
# K =  2  mindist = 0.556,
# min,max dist:  0.5558  0.5558
[wCAk (4), AGGGA (1)]
# K =  2  mindist = 0.554,
# min,max dist:  0.5538  0.5538
[wCAk (4), AGGGA (1)]
# K =  2  mindist = 0.552,
# min,max dist:  0.5517  0.5517
[wCAk (4), AGGGA (1)]
# K =  2  mindist = 0.550,
# min,max dist:  0.5498  0.5498
[wCAk (4), AGGGA (1)]
# K =  2  mindist = 0.548,
# min,max dist:  0.5479  0.5479
[wCAk (4), AGGGA (1)]
# K =  2  mindist = 0.546,
# min,max dist:  0.5460  0.5460
[wCAk (4), AGGGA (1)]
# K =  2  mindist = 0.544,
# min,max dist:  0.5440  0.5440
[wCAk (4), GGTG (1)]
# K =  2  mindist = 0.286,
# min,max dist:  0.2859  0.2859
[wCAk (4), ATTGCAC. (1)]
# K =  2  mindist = 0.382,
# min,max dist:  0.3819  0.3819
[wCAk (4), ATTGCAC (1)]
# K =  2  mindist = 0.410,
# min,max dist:  0.4096  0.4096
[wCAk (4), ATTGCAC (1)]
# K =  2  mindist = 0.410,
# min,max dist:  0.4096  0.4096
[wCAk (4), yGCT (1)]
# K =  2  mindist = 0.425,
# min,max dist:  0.4250  0.4250
[wCAk (4), yGCT (1)]
# K =  2  mindist = 0.425,
# min,max dist:  0.4252  0.4252
[wCAk (4), GgrGAGTCATysC (1)]
# K =  2  mindist = 0.218,
# min,max dist:  0.2184  0.2184
[wCAk (4), GgrGAGTCATysC (1)]
# K =  2  mindist = 0.219,
# min,max dist:  0.2192  0.2192
[wCAk (4), wssT..scWTCAYmCC (1)]
# K =  2  mindist = 0.281,
# min,max dist:  0.2809  0.2809
[wCAk (4), wssT..scWTCAYmCC (1)]
# K =  2  mindist = 0.282,
# min,max dist:  0.2817  0.2817
[wCAk (4), wssT..scWTCAYmCC (1)]
# K =  2  mindist = 0.283,
# min,max dist:  0.2827  0.2827
[wCAk (4), .t.mTTT.twTTy. (1)]
# K =  2  mindist = 0.385,
# min,max dist:  0.3847  0.3847
[wCAk (4), TTTTATTTw (1)]
# K =  2  mindist = 0.461,
# min,max dist:  0.4612  0.4612
[wCAk (4), WTTYAtTTT (1)]
# K =  2  mindist = 0.416,
# min,max dist:  0.4165  0.4165
[wCAk (4), aGACkACGat (1)]
# K =  2  mindist = 0.442,
# min,max dist:  0.4421  0.4421
[wCAk (4), tGTTCsAGwt (1)]
# K =  2  mindist = 0.224,
# min,max dist:  0.2243  0.2243
[wCAk (4), AGsAs (1)]
# K =  2  mindist = 0.510,
# min,max dist:  0.5100  0.5100
[wCAk (4), GATCAACCaGGCGACAG (1)]
# K =  2  mindist = 0.309,
# min,max dist:  0.3094  0.3094
[wCAk (4), GATCAACCaGGCGACAG (1)]
# K =  2  mindist = 0.309,
# min,max dist:  0.3091  0.3091
[wCAk (4), GATCAACCaGGCGACAG (1)]
# K =  2  mindist = 0.309,
# min,max dist:  0.3088  0.3088
[wCAk (4), GATCAACCaGGCGACAG (1)]
# K =  2  mindist = 0.308,
# min,max dist:  0.3084  0.3084
[wCAk (4), GATCAACCaGGCGACAG (1)]
# K =  2  mindist = 0.308,
# min,max dist:  0.3082  0.3082
[wCAk (4), GaTCAACCaGGCGACaG (1)]
# K =  2  mindist = 0.308,
# min,max dist:  0.3080  0.3080
[wCAk (4), GaTCAACCaGGCGACaG (1)]
# K =  2  mindist = 0.308,
# min,max dist:  0.3078  0.3078
[wCAk (4), CCMk (1)]
# K =  2  mindist = 0.351,
# min,max dist:  0.3515  0.3515
[wCAk (4), GwTWCCwGYTA (1)]
# K =  2  mindist = 0.363,
# min,max dist:  0.3634  0.3634
[wCAk (4), gggtATGCTG (1)]
# K =  2  mindist = 0.240,
# min,max dist:  0.2402  0.2402
[wCAk (4), g.GCAGTAGks (1)]
# K =  2  mindist = 0.338,
# min,max dist:  0.3382  0.3382
[wCAk (4), aGGaGAt (1)]
# K =  2  mindist = 0.437,
# min,max dist:  0.4366  0.4366
[wCAk (4), ACkAAym (1)]
# K =  2  mindist = 0.377,
# min,max dist:  0.3766  0.3766
[wCAk (4), tTATTTAwt (1)]
# K =  2  mindist = 0.443,
# min,max dist:  0.4432  0.4432
[wCAk (4), agGACrrAgC (1)]
# K =  2  mindist = 0.344,
# min,max dist:  0.3442  0.3442
[wCAk (4), AGsAGaGtw (1)]
# K =  2  mindist = 0.420,
# min,max dist:  0.4203  0.4203
[wCAk (4), aCGAgAGAy (1)]
# K =  2  mindist = 0.436,
# min,max dist:  0.4359  0.4359
[wCAk (4), km.TrC (1)]
# K =  2  mindist = 0.414,
# min,max dist:  0.4141  0.4141
[wCAk (4), km.TrC (1)]
# K =  2  mindist = 0.414,
# min,max dist:  0.4142  0.4142
[wCAk (4), km.TrC (1)]
# K =  2  mindist = 0.414,
# min,max dist:  0.4144  0.4144
[wCAk (4), km.TrC (1)]
# K =  2  mindist = 0.414,
# min,max dist:  0.4142  0.4142
